baseline,treatment,metric,delta,ci_low,ci_high,probability_positive,bootstrap_samples,seed,stratified_by
full_query_bm25,oracle_compose_exact_not_L10,recall_at_100,-0.2724576147489603,-0.2848582429892712,-0.259961475485307,0.0,10000,20260804,template
full_query_bm25,oracle_compose_exact_not_L10,ceiling_normalized_recall_at_100,-0.31005863982425497,-0.32459190996552345,-0.29509453573030064,0.0,10000,20260804,template
full_query_bm25,oracle_compose_exact_not_L10,ndcg_at_20,-0.304275648145654,-0.31956082744069647,-0.2880156992520618,0.0,10000,20260804,template
full_query_bm25,oracle_compose_exact_not_L100,recall_at_100,-0.28230615401487524,-0.29603927093946003,-0.26830140369504835,0.0,10000,20260804,template
full_query_bm25,oracle_compose_exact_not_L100,ceiling_normalized_recall_at_100,-0.31828662798695934,-0.33433897824945075,-0.30228156954819374,0.0,10000,20260804,template
full_query_bm25,oracle_compose_exact_not_L100,ndcg_at_20,-0.3450712189579377,-0.366392315643066,-0.32318088717773336,0.0,10000,20260804,template
full_query_bm25,oracle_compose_exact_not_L1000,recall_at_100,-0.19651756806921697,-0.21350812303773606,-0.17974657989869625,0.0,10000,20260804,template
full_query_bm25,oracle_compose_exact_not_L1000,ceiling_normalized_recall_at_100,-0.2094397357147685,-0.22779887187556108,-0.19126672157070476,0.0,10000,20260804,template
full_query_bm25,oracle_compose_exact_not_L1000,ndcg_at_20,-0.11850979524795004,-0.13570058194135928,-0.10100030023822551,0.0,10000,20260804,template
full_query_bm25,oracle_compose_exact_not_L25,recall_at_100,-0.2652823038254484,-0.27727129750823054,-0.2533482022606728,0.0,10000,20260804,template
full_query_bm25,oracle_compose_exact_not_L25,ceiling_normalized_recall_at_100,-0.3026471356354312,-0.316788236802356,-0.2879711928198115,0.0,10000,20260804,template
full_query_bm25,oracle_compose_exact_not_L25,ndcg_at_20,-0.3780253456970725,-0.39879533942399953,-0.35666455752703125,0.0,10000,20260804,template
full_query_bm25,oracle_compose_exact_not_L250,recall_at_100,-0.29476778625988,-0.31198059250280835,-0.2773531512632784,0.0,10000,20260804,template
full_query_bm25,oracle_compose_exact_not_L250,ceiling_normalized_recall_at_100,-0.3279821542189204,-0.3464894754895566,-0.30899495241513786,0.0,10000,20260804,template
full_query_bm25,oracle_compose_exact_not_L250,ndcg_at_20,-0.2847056211788095,-0.30635531083059786,-0.26293461940089347,0.0,10000,20260804,template
full_query_bm25,oracle_compose_exact_not_L50,recall_at_100,-0.26020142378912786,-0.27164454470281235,-0.24849375666339169,0.0,10000,20260804,template
full_query_bm25,oracle_compose_exact_not_L50,ceiling_normalized_recall_at_100,-0.29709879313092685,-0.31082693906410075,-0.2828364978266706,0.0,10000,20260804,template
full_query_bm25,oracle_compose_exact_not_L50,ndcg_at_20,-0.36728418979755384,-0.38802687133462266,-0.3456090796857353,0.0,10000,20260804,template
full_query_bm25,oracle_compose_exact_not_L500,recall_at_100,-0.26428694932344526,-0.28147644097836527,-0.24709706798784475,0.0,10000,20260804,template
full_query_bm25,oracle_compose_exact_not_L500,ceiling_normalized_recall_at_100,-0.2916072750094561,-0.3102378887523248,-0.27287069028932737,0.0,10000,20260804,template
full_query_bm25,oracle_compose_exact_not_L500,ndcg_at_20,-0.19320255811856824,-0.2133527205348138,-0.17266008890436166,0.0,10000,20260804,template
full_query_bm25,oracle_full_verify_F1000,recall_at_100,0.08923105340297141,0.07948148519916214,0.09939572410283067,1.0,10000,20260804,template
full_query_bm25,oracle_full_verify_F1000,ceiling_normalized_recall_at_100,0.10790349893082628,0.09723355793092418,0.1189206371322617,1.0,10000,20260804,template
full_query_bm25,oracle_full_verify_F1000,ndcg_at_20,0.20577252135350904,0.19528336885554987,0.2166682258491721,1.0,10000,20260804,template
full_query_bm25,oracle_hybrid_verify_F1000_L10,recall_at_100,0.08962188854944565,0.07985838290383496,0.09980997420328849,1.0,10000,20260804,template
full_query_bm25,oracle_hybrid_verify_F1000_L10,ceiling_normalized_recall_at_100,0.10830349893082626,0.09758508172673916,0.11932453256656102,1.0,10000,20260804,template
full_query_bm25,oracle_hybrid_verify_F1000_L10,ndcg_at_20,0.20605136424636053,0.19542371258706903,0.2169778459302316,1.0,10000,20260804,template
full_query_bm25,oracle_hybrid_verify_F1000_L100,recall_at_100,0.0900720146798229,0.08036301820552838,0.10021049093485349,1.0,10000,20260804,template
full_query_bm25,oracle_hybrid_verify_F1000_L100,ceiling_normalized_recall_at_100,0.1088345680907614,0.09815273800419531,0.11981898842408269,1.0,10000,20260804,template
full_query_bm25,oracle_hybrid_verify_F1000_L100,ndcg_at_20,0.20749932269720217,0.19733821430077667,0.21817399025557468,1.0,10000,20260804,template
full_query_bm25,oracle_hybrid_verify_F1000_L1000,recall_at_100,0.09737442941724055,0.08698838514331163,0.10829492537235715,1.0,10000,20260804,template
full_query_bm25,oracle_hybrid_verify_F1000_L1000,ceiling_normalized_recall_at_100,0.11686925963060758,0.10570815795415815,0.12845919718510976,1.0,10000,20260804,template
full_query_bm25,oracle_hybrid_verify_F1000_L1000,ndcg_at_20,0.2127638393937786,0.20245000487360965,0.22358078442087642,1.0,10000,20260804,template
full_query_bm25,oracle_hybrid_verify_F1000_L25,recall_at_100,0.08975439520786645,0.08000107805235554,0.09992422315814169,1.0,10000,20260804,template
full_query_bm25,oracle_hybrid_verify_F1000_L25,ceiling_normalized_recall_at_100,0.10846152544039918,0.09773137009526363,0.11949241533534234,1.0,10000,20260804,template
full_query_bm25,oracle_hybrid_verify_F1000_L25,ndcg_at_20,0.20658521762703289,0.19612557699796657,0.2173984469093699,1.0,10000,20260804,template
full_query_bm25,oracle_hybrid_verify_F1000_L250,recall_at_100,0.09264870794478869,0.08252885265189253,0.10318980246207035,1.0,10000,20260804,template
full_query_bm25,oracle_hybrid_verify_F1000_L250,ceiling_normalized_recall_at_100,0.11153807592313522,0.10057955075433346,0.12285293776616558,1.0,10000,20260804,template
full_query_bm25,oracle_hybrid_verify_F1000_L250,ndcg_at_20,0.21048676389736076,0.20037588305809173,0.22120569888280558,1.0,10000,20260804,template
full_query_bm25,oracle_hybrid_verify_F1000_L50,recall_at_100,0.08985776403828748,0.08010463898405963,0.10001087069122058,1.0,10000,20260804,template
full_query_bm25,oracle_hybrid_verify_F1000_L50,ceiling_normalized_recall_at_100,0.10857728093347424,0.09786984974689916,0.11957589549275825,1.0,10000,20260804,template
full_query_bm25,oracle_hybrid_verify_F1000_L50,ndcg_at_20,0.20708204509887146,0.19682060339211366,0.2178326624775155,1.0,10000,20260804,template
full_query_bm25,oracle_hybrid_verify_F1000_L500,recall_at_100,0.09358162500310714,0.08353479864733541,0.10407479632972054,1.0,10000,20260804,template
full_query_bm25,oracle_hybrid_verify_F1000_L500,ceiling_normalized_recall_at_100,0.11261640263651349,0.10175881693207585,0.12380785684477184,1.0,10000,20260804,template
full_query_bm25,oracle_hybrid_verify_F1000_L500,ndcg_at_20,0.21133526796520719,0.20113449196986266,0.2221084101736973,1.0,10000,20260804,template
full_query_bm25,oracle_union_verify_L10,recall_at_100,-0.26606017328541687,-0.27863280483247643,-0.25339677731812466,0.0,10000,20260804,template
full_query_bm25,oracle_union_verify_L10,ceiling_normalized_recall_at_100,-0.30330797773951196,-0.3183473079591481,-0.28786817476003296,0.0,10000,20260804,template
full_query_bm25,oracle_union_verify_L10,ndcg_at_20,-0.18367021428424432,-0.1966648502095341,-0.16974357190930692,0.0,10000,20260804,template
full_query_bm25,oracle_union_verify_L100,recall_at_100,-0.22955854101594217,-0.2407077993497321,-0.2180043799596764,0.0,10000,20260804,template
full_query_bm25,oracle_union_verify_L100,ceiling_normalized_recall_at_100,-0.26260246346354094,-0.27628092477998517,-0.24843642355941595,0.0,10000,20260804,template
full_query_bm25,oracle_union_verify_L100,ndcg_at_20,-0.04120600405670526,-0.053137070138447325,-0.029096032504902697,0.0,10000,20260804,template
full_query_bm25,oracle_union_verify_L1000,recall_at_100,-0.053731805379122845,-0.06613922974859054,-0.040851261973721624,0.0,10000,20260804,template
full_query_bm25,oracle_union_verify_L1000,ceiling_normalized_recall_at_100,-0.054861625678757034,-0.068542860686448,-0.040704095255884545,0.0,10000,20260804,template
full_query_bm25,oracle_union_verify_L1000,ndcg_at_20,0.16056736901265892,0.14944820079264376,0.17214803421452107,1.0,10000,20260804,template
full_query_bm25,oracle_union_verify_L25,recall_at_100,-0.2570370944271648,-0.2692419797619331,-0.2447745635545952,0.0,10000,20260804,template
full_query_bm25,oracle_union_verify_L25,ceiling_normalized_recall_at_100,-0.29360867251686007,-0.3080009877990353,-0.2787431996897119,0.0,10000,20260804,template
full_query_bm25,oracle_union_verify_L25,ndcg_at_20,-0.14922374539790959,-0.16224203874345777,-0.13582534627320145,0.0,10000,20260804,template
full_query_bm25,oracle_union_verify_L250,recall_at_100,-0.18493643502681745,-0.1971687152839618,-0.17222490752234684,0.0,10000,20260804,template
full_query_bm25,oracle_union_verify_L250,ceiling_normalized_recall_at_100,-0.21157872330393562,-0.22554928907781968,-0.19694284643464285,0.0,10000,20260804,template
full_query_bm25,oracle_union_verify_L250,ndcg_at_20,0.07562121605433582,0.06404171891677496,0.08745731465677288,1.0,10000,20260804,template
full_query_bm25,oracle_union_verify_L50,recall_at_100,-0.24606497586159898,-0.2576970829625916,-0.23428010687241543,0.0,10000,20260804,template
full_query_bm25,oracle_union_verify_L50,ceiling_normalized_recall_at_100,-0.281384805193456,-0.2953097602694698,-0.26699904121067464,0.0,10000,20260804,template
full_query_bm25,oracle_union_verify_L50,ndcg_at_20,-0.10300446077588972,-0.11556398409558079,-0.09021982677509162,0.0,10000,20260804,template
full_query_bm25,oracle_union_verify_L500,recall_at_100,-0.1344805878057916,-0.1471469140256078,-0.12118688855178907,0.0,10000,20260804,template
full_query_bm25,oracle_union_verify_L500,ceiling_normalized_recall_at_100,-0.15222832048607293,-0.1662801943772497,-0.13734217310621308,0.0,10000,20260804,template
full_query_bm25,oracle_union_verify_L500,ndcg_at_20,0.13176204553778603,0.12001202987988008,0.1437514171846676,1.0,10000,20260804,template
