method,group_type,group_value,n_queries,recall_at_5,recall_at_20,recall_at_100,ceiling_normalized_recall_at_100,ndcg_at_5,ndcg_at_20,ndcg_at_100,candidate_precision,candidate_recall,candidate_f1,candidate_jaccard,retrieved_size,candidate_size
exact_boolean_oracle,overall,all,700,0.6857582326938497,0.7829023354137109,0.9419801582231779,1.0,1.0,1.0,1.0,1.0,1.0,1.0,1.0,28.625714285714285,36.94285714285714
exact_boolean_oracle,template,_,100,1.0,1.0,1.0,1.0,1.0,1.0,1.0,1.0,1.0,1.0,1.0,2.0,2.0
exact_boolean_oracle,template,_ or _,100,1.0,1.0,1.0,1.0,1.0,1.0,1.0,1.0,1.0,1.0,1.0,3.95,3.95
exact_boolean_oracle,template,_ or _ or _,100,0.8733333333333332,1.0,1.0,1.0,1.0,1.0,1.0,1.0,1.0,1.0,1.0,5.75,5.75
exact_boolean_oracle,template,_ that are also _,100,0.2300283319159232,0.32011332766369277,0.7981753459189257,1.0,1.0,1.0,1.0,1.0,1.0,1.0,1.0,79.97,109.46
exact_boolean_oracle,template,_ that are also _ but not _,100,0.04005075505807087,0.16020302023228347,0.7956857616433202,1.0,1.0,1.0,1.0,1.0,1.0,1.0,1.0,99.52,128.25
exact_boolean_oracle,template,_ that are also both _ and _,100,0.6568952085496204,1.0,1.0,1.0,1.0,1.0,1.0,1.0,1.0,1.0,1.0,8.19,8.19
exact_boolean_oracle,template,_ that are not _,100,1.0,1.0,1.0,1.0,1.0,1.0,1.0,1.0,1.0,1.0,1.0,1.0,1.0
exact_boolean_oracle,gold_size_bin,01-02,223,1.0,1.0,1.0,1.0,1.0,1.0,1.0,1.0,1.0,1.0,1.0,1.4573991031390134,1.4573991031390134
exact_boolean_oracle,gold_size_bin,03-05,138,1.0,1.0,1.0,1.0,1.0,1.0,1.0,1.0,1.0,1.0,1.0,4.173913043478261,4.173913043478261
exact_boolean_oracle,gold_size_bin,06-20,159,0.7045462527565746,1.0,1.0,1.0,1.0,1.0,1.0,1.0,1.0,1.0,1.0,7.59748427672956,7.59748427672956
exact_boolean_oracle,gold_size_bin,101-200,148,0.03627909147169748,0.14511636588678992,0.7255818294339497,1.0,1.0,1.0,1.0,1.0,1.0,1.0,1.0,100.0,139.33783783783784
exact_boolean_oracle,gold_size_bin,51-100,32,0.05120634873713063,0.20482539494852253,1.0,1.0,1.0,1.0,1.0,1.0,1.0,1.0,1.0,97.78125,97.78125
full_query_bm25,overall,all,700,0.6324880409640131,0.7325469061212275,0.8369301694523535,0.8746489816927884,0.7577106562488753,0.7853256160343247,0.8012878530928151,0.035275714285714285,0.9811663805556483,0.06281700603161494,0.03520652948324951,100.0,1000.0
full_query_bm25,template,_,100,0.92,0.935,0.945,0.945,0.9168978648383113,0.9218600833457177,0.9240707428049874,0.001980000000000001,0.99,0.003952095808383234,0.001980000000000001,100.0,1000.0
full_query_bm25,template,_ or _,100,0.905,0.9425,0.9575,0.9575,0.9158010002947692,0.9338176427421829,0.9378295636497037,0.003930000000000001,0.995,0.007828983170011874,0.003929960079840321,100.0,1000.0
full_query_bm25,template,_ or _ or _,100,0.8123333333333334,0.9466666666666665,0.9640000000000001,0.9640000000000001,0.9451575200772925,0.9508702236430387,0.9565424868790008,0.00574,0.9983333333333333,0.011413964134954005,0.005739950049950051,100.0,1000.0
full_query_bm25,template,_ that are also _,100,0.22969519630250837,0.3185432501544315,0.7831319177693594,0.9807624136097821,0.9940707812016543,0.9917543683908937,0.9831426875123788,0.10945999999999997,1.0,0.1922210800022565,0.10945999999999997,100.0,1000.0
full_query_bm25,template,_ that are also _ but not _,100,0.001068306138387313,0.03622953713860613,0.24887926839711508,0.3152804582397366,0.024058611613769064,0.17527426773204333,0.28145240828142026,0.11664999999999999,0.9048313305562045,0.20611419898956487,0.11616579625295616,100.0,1000.0
full_query_bm25,template,_ that are also both _ and _,100,0.6493194509738628,0.9988888888888888,1.0,1.0,0.9899647083939712,0.9941846410367658,0.9946684748550748,0.008190000000000001,1.0,0.016230678158092215,0.008190000000000001,100.0,1000.0
full_query_bm25,template,_ that are not _,100,0.91,0.95,0.96,0.96,0.5180241073223597,0.5295180853496304,0.5313086076671408,0.0009800000000000004,0.98,0.0019580419580419585,0.0009800000000000004,100.0,1000.0
full_query_bm25,gold_size_bin,01-02,223,0.9237668161434978,0.9484304932735426,0.9573991031390134,0.9573991031390134,0.7462417847767502,0.7536212451062017,0.7554154970240402,0.0014394618834080723,0.9865470852017937,0.002874241482227305,0.0014394618834080723,100.0,1000.0
full_query_bm25,gold_size_bin,03-05,138,0.9181159420289855,0.9510869565217391,0.9648550724637681,0.9648550724637681,0.9303216743444599,0.9466015412777062,0.950371781807876,0.004159420289855073,0.9963768115942029,0.008283773721530014,0.0041593913622031305,100.0,1000.0
full_query_bm25,gold_size_bin,06-20,159,0.6727376001932052,0.9720475192173305,0.9811320754716981,0.9811320754716981,0.9672214530057837,0.9706699198536297,0.9737926154700809,0.007591194968553458,0.9989517819706499,0.015057985778619734,0.007591163553427704,100.0,1000.0
full_query_bm25,gold_size_bin,101-200,148,0.01658305927020856,0.0820326408005412,0.4379515637276728,0.6163513513513514,0.4708225284056082,0.5504403594366266,0.6002010889445863,0.13252702702702704,0.9462143915704292,0.2322331099562002,0.13221872074372795,100.0,1000.0
full_query_bm25,gold_size_bin,51-100,32,0.019439296003084458,0.10426399658823945,0.5745089745297457,0.5745089745297457,0.37910015867226066,0.47617782548978016,0.55092963798691,0.09303125000000001,0.9513563469749037,0.16947086205326445,0.09294402985074628,100.0,1000.0
oracle_compose_exact_not_L10,overall,all,700,0.38539744876355536,0.5654212582873649,0.56565935352546,0.5657572871572871,0.40287627555503425,0.48208315615559083,0.47860678945994095,0.1648080947085608,0.56565935352546,0.20255472865488072,0.13036153240588227,8.382857142857143,8.382857142857143
oracle_compose_exact_not_L10,template,_,100,0.92,0.925,0.925,0.925,0.9168978648383113,0.9186702577061518,0.9186702577061518,0.18499999999999997,0.925,0.30833333333333335,0.18454545454545454,10.0,10.0
oracle_compose_exact_not_L10,template,_ or _,100,0.48,0.9475,0.9475,0.9475,0.48464540526410543,0.7025025441858007,0.7025025441858007,0.2327129741603426,0.9475,0.37112090221290656,0.23167373079501224,16.91,16.91
oracle_compose_exact_not_L10,template,_ or _ or _,100,0.17566666666666667,0.9433333333333335,0.945,0.945,0.21363275892777384,0.5942470080957811,0.5949159553025142,0.26611035546624967,0.945,0.41127042881321735,0.2643627334891553,21.78,21.78
oracle_compose_exact_not_L10,template,_ that are also _,100,0.18100867223552608,0.18100867223552608,0.18100867223552608,0.18140101010101006,0.22372721052213357,0.1983129229758026,0.1861608561669038,0.2243611111111111,0.18100867223552608,0.12510774943916506,0.11536978334663718,0.8,0.8
oracle_compose_exact_not_L10,template,_ that are also _ but not _,100,0.001106802442694235,0.001106802442694235,0.001106802442694235,0.0014000000000000002,0.04623068933291537,0.019361378024408883,0.0065099307570254585,0.13,0.001106802442694235,0.002192100926956957,0.001106802442694235,0.14,0.14
oracle_compose_exact_not_L10,template,_ that are also both _ and _,100,0.01,0.01,0.01,0.01,0.01,0.01,0.01,0.01,0.01,0.01,0.01,0.01,0.01
oracle_compose_exact_not_L10,template,_ that are not _,100,0.93,0.95,0.95,0.95,0.925,0.9314879821011905,0.9314879821011905,0.10547222222222223,0.95,0.1898585858585858,0.10547222222222223,9.04,9.04
oracle_compose_exact_not_L10,gold_size_bin,01-02,223,0.9147982062780269,0.9260089686098655,0.9260089686098655,0.9260089686098655,0.911164961810902,0.914869165832889,0.914869165832889,0.1860239162929746,0.9260089686098655,0.28309552928387016,0.18582008425057753,8.838565022421525,8.838565022421525
oracle_compose_exact_not_L10,gold_size_bin,03-05,138,0.39420289855072466,0.8532608695652174,0.8532608695652174,0.8532608695652174,0.40708566788840195,0.6234025738503092,0.6234025738503092,0.21142135991873595,0.8532608695652174,0.3362953763598588,0.21047109542420045,15.876811594202898,15.876811594202898
oracle_compose_exact_not_L10,gold_size_bin,06-20,159,0.07023060796645703,0.44863731656184486,0.449685534591195,0.449685534591195,0.08584902044395257,0.27449937130072655,0.27492009281439517,0.13022758046461422,0.449685534591195,0.2001910136160495,0.12929959282941567,10.553459119496855,10.553459119496855
oracle_compose_exact_not_L10,gold_size_bin,101-200,148,0.0012259895791960915,0.0012259895791960915,0.0012259895791960915,0.0016891891891891893,0.05475326560961579,0.02293062657804386,0.007710029268065524,0.14864864864864866,0.0012259895791960915,0.002430123238017427,0.0012259895791960915,0.16891891891891891,0.16891891891891891
oracle_compose_exact_not_L10,gold_size_bin,51-100,32,0.0009406565656565656,0.0009406565656565656,0.0009406565656565656,0.0009406565656565656,0.027884583602554993,0.011678042702208064,0.003937323772475966,0.0625,0.0009406565656565656,0.0018504901960784315,0.0009406565656565656,0.09375,0.09375
oracle_compose_exact_not_L100,overall,all,700,0.3788879143861355,0.3984949320963532,0.581256836858258,0.5828812631915674,0.4900126556358231,0.4380105813225981,0.45430866578729745,0.19194078871958828,0.5849949320963532,0.051781803707128454,0.03357476190802434,58.58857142857143,81.89
oracle_compose_exact_not_L100,template,_,100,0.92,0.935,0.945,0.945,0.9168978648383113,0.9218600833457177,0.9240707428049874,0.0189,0.945,0.03705882352941175,0.018895049504950495,100.0,100.0
oracle_compose_exact_not_L100,template,_ or _,100,0.4325,0.475,0.955,0.955,0.42073694602561545,0.44160767499519066,0.5660440509990794,0.02504330957545028,0.9625,0.048746444916444344,0.02503509535869372,100.0,162.17
oracle_compose_exact_not_L100,template,_ or _ or _,100,0.12533333333333332,0.16799999999999998,0.9473333333333334,0.9473333333333334,0.15068705504494864,0.16694906300340684,0.39725731718982343,0.030476869246664196,0.966,0.05892894302095969,0.030463321603050014,100.0,200.94
oracle_compose_exact_not_L100,template,_ that are also _,100,0.20089671745139867,0.20403833623172749,0.20403833623172749,0.20952804179599216,0.5214247135942647,0.3502153615385151,0.24394495418293602,0.5493563035758602,0.20403833623172749,0.12175741258997418,0.10339463980758763,8.53,8.53
oracle_compose_exact_not_L100,template,_ that are also _ but not _,100,0.015442920125786892,0.01938375865031565,0.01938375865031565,0.025265037419216353,0.4388749295505694,0.20872229211522458,0.07033347875661398,0.59,0.01938375865031565,0.037040583187159,0.01938375865031565,2.52,2.52
oracle_compose_exact_not_L100,template,_ that are also both _ and _,100,0.028042429792429796,0.028042429792429796,0.028042429792429796,0.028042429792429796,0.05646708039705202,0.042340963895762224,0.042340963895762224,0.12,0.028042429792429796,0.039518759018759016,0.028042429792429796,0.15,0.15
oracle_compose_exact_not_L100,template,_ that are not _,100,0.93,0.96,0.97,0.97,0.925,0.9343786303643695,0.93616915268188,0.009809038639143038,0.97,0.019421659687191128,0.009809038639143038,98.92,98.92
oracle_compose_exact_not_L100,gold_size_bin,01-02,223,0.92152466367713,0.9417040358744395,0.9506726457399103,0.9506726457399103,0.9183988057246484,0.9248296796581802,0.9266239315760189,0.06191270951345436,0.9506726457399103,0.07534718377984272,0.05966833709414965,92.16143497757848,92.16143497757848
oracle_compose_exact_not_L100,gold_size_bin,03-05,138,0.35108695652173916,0.38623188405797104,0.8543478260869566,0.8543478260869566,0.3515632895244107,0.3691569904938466,0.493721283238854,0.022828417006465488,0.8684782608695651,0.04441219779595725,0.022821822693040693,89.85507246376811,152.44202898550725
oracle_compose_exact_not_L100,gold_size_bin,06-20,159,0.05432437932437932,0.07738517597008163,0.4631294107709203,0.4631294107709203,0.079624069180047,0.07882363716050117,0.1938210624449006,0.07799809015924032,0.4673222828883207,0.04354631907614803,0.023299831092941745,47.880503144654085,96.14465408805032
oracle_compose_exact_not_L100,gold_size_bin,101-200,148,0.01482875564998451,0.019546632207320665,0.019546632207320665,0.027229729729729726,0.44889071112757006,0.21896183909048195,0.07362215691016175,0.5878378378378378,0.019546632207320665,0.037323136268151424,0.019546632207320665,2.722972972972973,2.722972972972973
oracle_compose_exact_not_L100,gold_size_bin,51-100,32,0.013728372547526624,0.014040872547526624,0.014040872547526624,0.014040872547526624,0.3310668458625952,0.1402316618744576,0.047867627226595745,0.5625,0.014040872547526624,0.027133387982779335,0.014040872547526624,1.375,1.375
oracle_compose_exact_not_L1000,overall,all,700,0.39994626340915007,0.4656227059635865,0.6392075846639946,0.6638291816987811,0.6788495365168224,0.6665540967864871,0.5914625778786036,0.37425956489371537,0.7143028227592326,0.1765716191773622,0.11913577835403742,69.55142857142857,788.7028571428572
oracle_compose_exact_not_L1000,template,_,100,0.92,0.935,0.945,0.945,0.9168978648383113,0.9218600833457177,0.9240707428049874,0.001980000000000001,0.99,0.003952095808383234,0.001980000000000001,100.0,1000.0
oracle_compose_exact_not_L1000,template,_ or _,100,0.3416666666666666,0.4725,0.955,0.955,0.3044910131723559,0.3660362262771671,0.49217045424876926,0.0027784132817349565,1.0,0.005540217669419498,0.0027784132817349565,100.0,1537.94
oracle_compose_exact_not_L1000,template,_ or _ or _,100,0.07799999999999999,0.16033333333333333,0.5926666666666667,0.5926666666666667,0.09995185821815276,0.13840467193016465,0.26766299590840137,0.003530451938570089,0.9983333333333333,0.007032937025756746,0.0035304458236636587,100.0,1834.97
oracle_compose_exact_not_L1000,template,_ that are also _,100,0.21957388801762565,0.30259429632398066,0.4284333458937823,0.5150069055555893,0.9782438876038995,0.9506721257411965,0.6087270287579779,0.7994600703105479,0.4284333458937823,0.3751402436161667,0.2523788403867815,44.74,107.94
oracle_compose_exact_not_L1000,template,_ that are also _ but not _,100,0.03958390147595888,0.15114184501891284,0.305563613018634,0.39134123260033304,0.9903837502512447,0.9556882624927203,0.5125989933941351,0.9887206641461423,0.305563613018634,0.45685468650339695,0.30513077582303916,39.32,39.32
oracle_compose_exact_not_L1000,template,_ that are also both _ and _,100,0.27079938770379947,0.2777894670688788,0.2777894670688788,0.2777894670688788,0.5369783815337928,0.3988386773540742,0.3988386773540742,0.8223452380952381,0.2777894670688788,0.3854789272475031,0.2671498566792685,2.8,2.8
oracle_compose_exact_not_L1000,template,_ that are not _,100,0.93,0.96,0.97,0.97,0.925,0.9343786303643695,0.93616915268188,0.0010021164837742639,1.0,0.0020022263709089465,0.0010021164837742639,100.0,997.95
oracle_compose_exact_not_L1000,gold_size_bin,01-02,223,0.92152466367713,0.9417040358744395,0.9506726457399103,0.9506726457399103,0.9183988057246484,0.9248296796581802,0.9266239315760189,0.012489076580360865,0.984304932735426,0.014276483956931475,0.010246924113993146,95.21076233183857,929.8071748878924
oracle_compose_exact_not_L1000,gold_size_bin,03-05,138,0.3007246376811594,0.4056763285024155,0.8342995169082125,0.8342995169082125,0.2915708548311654,0.3415223497778532,0.45651240742834515,0.0750067477663685,0.9241545893719807,0.041578257169898054,0.028146844384725988,89.97101449275362,1433.231884057971
oracle_compose_exact_not_L1000,gold_size_bin,06-20,159,0.1638151285348843,0.21118834406847722,0.4145426417623976,0.4145426417623976,0.3288817618425401,0.26153915782409676,0.32236071278771944,0.4496642892889202,0.6199933755150182,0.20984688250853514,0.144300313902625,49.100628930817614,878.7924528301887
oracle_compose_exact_not_L1000,gold_size_bin,101-200,148,0.035656593174123494,0.13601618449578412,0.29793839240303654,0.4143918918918919,0.9855592147669892,0.9502884772787573,0.5308391558893869,0.9831278669819546,0.29793839240303654,0.4455836373246424,0.2971577887785537,42.013513513513516,42.013513513513516
oracle_compose_exact_not_L1000,gold_size_bin,51-100,32,0.05120634873713063,0.1951005884035405,0.32202543173725695,0.32202543173725695,1.0,0.9685420058167379,0.45526272323693856,0.9951923076923077,0.32202543173725695,0.48020766779399093,0.32195667486156937,31.65625,31.65625
oracle_compose_exact_not_L25,overall,all,700,0.37922822153182045,0.40373835324407975,0.5727145437202703,0.5730869742167121,0.4229410169064069,0.4084005289425072,0.4585633900296493,0.14358827337093905,0.5727145437202703,0.1093404174593509,0.06765281555679337,19.99,19.99
oracle_compose_exact_not_L25,template,_,100,0.92,0.935,0.935,0.935,0.9168978648383113,0.9218600833457177,0.9218600833457177,0.07479999999999999,0.935,0.13851851851851854,0.07469230769230768,25.0,25.0
oracle_compose_exact_not_L25,template,_ or _,100,0.45,0.5225,0.95,0.95,0.45979794699032,0.48853890049015825,0.6316355702323395,0.10300758937663285,0.95,0.1846461358463598,0.1028451374001964,39.74,39.74
oracle_compose_exact_not_L25,template,_ or _ or _,100,0.14566666666666667,0.1996666666666667,0.955,0.955,0.1819851019730525,0.19688781013063136,0.48031153050577147,0.12845950547346957,0.955,0.22388366682970165,0.12817963901668647,48.27,48.27
oracle_compose_exact_not_L25,template,_ that are also _,100,0.1937920966901565,0.1937920966901565,0.1937920966901565,0.1953073930797335,0.32822805178754516,0.24788980443193967,0.20948950465029617,0.35880651232825145,0.1937920966901565,0.12136430441580678,0.11259860901840799,2.39,2.39
oracle_compose_exact_not_L25,template,_ that are also _ but not _,100,0.0037445565966891703,0.0038154785825047733,0.0038154785825047733,0.004907195668020411,0.13189494865014673,0.05574346241691304,0.018763399691229393,0.27,0.0038154785825047733,0.007484368807377031,0.0038154785825047733,0.49,0.49
oracle_compose_exact_not_L25,template,_ that are also both _ and _,100,0.01139423076923077,0.01139423076923077,0.01139423076923077,0.01139423076923077,0.01678320410547232,0.013505011417821296,0.013505011417821296,0.03,0.01139423076923077,0.012605042016806723,0.01139423076923077,0.03,0.03
oracle_compose_exact_not_L25,template,_ that are not _,100,0.93,0.96,0.96,0.96,0.925,0.9343786303643695,0.9343786303643695,0.04004430641821946,0.96,0.07688088578088575,0.04004430641821946,24.01,24.01
oracle_compose_exact_not_L25,gold_size_bin,01-02,223,0.9192825112107623,0.9394618834080718,0.9394618834080718,0.9394618834080718,0.9156492667436374,0.922080140677169,0.922080140677169,0.10477615190424704,0.9394618834080718,0.15216204056913746,0.1047278593895868,22.816143497757846,22.816143497757846
oracle_compose_exact_not_L25,gold_size_bin,03-05,138,0.3652173913043479,0.4278985507246377,0.855072463768116,0.855072463768116,0.38306272785404155,0.4085364691358162,0.5540423208843002,0.09442894728360728,0.855072463768116,0.168784597247914,0.09427544668511843,37.072463768115945,37.072463768115945
oracle_compose_exact_not_L25,gold_size_bin,06-20,159,0.058528866311885176,0.08368609901628768,0.45685171746492503,0.45685171746492503,0.07543376643413048,0.07871156895043045,0.22067528889031318,0.0761982060369336,0.45685171746492503,0.11208308206965212,0.06435150362305044,23.18867924528302,23.18867924528302
oracle_compose_exact_not_L25,gold_size_bin,101-200,148,0.0045419354993863495,0.004589855760072568,0.004589855760072568,0.006351351351351352,0.16701990800875166,0.07028967494928019,0.023633695715086438,0.31756756756756754,0.004589855760072568,0.009006510852525015,0.004589855760072568,0.6351351351351351,0.6351351351351351
oracle_compose_exact_not_L25,gold_size_bin,51-100,32,0.002545589836730986,0.002545589836730986,0.002545589836730986,0.002545589836730986,0.07166730182731074,0.030014212262243815,0.01023448338499265,0.15625,0.002545589836730986,0.004990909348982931,0.002545589836730986,0.25,0.25
oracle_compose_exact_not_L250,overall,all,700,0.373949064298732,0.4117982149101392,0.5415783230437738,0.5458960936847826,0.5520211262758926,0.4958324660527586,0.45729354819809587,0.26422173071823407,0.6096497516152024,0.05473270232538955,0.033288378387906804,60.25142857142857,200.2042857142857
oracle_compose_exact_not_L250,template,_,100,0.92,0.935,0.945,0.945,0.9168978648383113,0.9218600833457177,0.9240707428049874,0.007640000000000003,0.955,0.015158730158730154,0.007639521912350599,100.0,250.0
oracle_compose_exact_not_L250,template,_ or _,100,0.38,0.475,0.955,0.955,0.34727538014111303,0.39187320219181954,0.5168096170441746,0.010713293380393746,0.9925,0.02118188762030275,0.010713012656379285,100.0,393.5
oracle_compose_exact_not_L250,template,_ or _ or _,100,0.08966666666666664,0.16799999999999998,0.576,0.576,0.11204541334278505,0.1487265301773143,0.2709811402305962,0.013265302358727653,0.985,0.026139248205755018,0.013264118072259587,100.0,478.41
oracle_compose_exact_not_L250,template,_ that are also _,100,0.2097739710406844,0.23162751077946628,0.2320882677149085,0.2475920240254753,0.7501126628191415,0.5511729225529781,0.31236828764779057,0.7362548817374293,0.2320882677149085,0.136394695780179,0.09391012847721289,14.65,23.65
oracle_compose_exact_not_L250,template,_ that are also _ but not _,100,0.025610959791920074,0.050368140999655614,0.050368140999655614,0.06508877917615032,0.682427331624695,0.42558788755696847,0.14342789079709997,0.8271428571428572,0.050368140999655614,0.0926773588297081,0.05036423459706177,6.51,6.51
oracle_compose_exact_not_L250,template,_ that are also both _ and _,100,0.06259185259185258,0.06259185259185258,0.06259185259185258,0.06259185259185258,0.1303892311652023,0.09722800618014261,0.09722800618014261,0.2505555555555556,0.06259185259185258,0.08364842467474044,0.05314740814740815,0.6,0.6
oracle_compose_exact_not_L250,template,_ that are not _,100,0.93,0.96,0.97,0.97,0.925,0.9343786303643695,0.93616915268188,0.003980224852675338,0.99,0.007928571008311376,0.003980224852675338,100.0,248.76
oracle_compose_exact_not_L250,gold_size_bin,01-02,223,0.92152466367713,0.9417040358744395,0.9506726457399103,0.9506726457399103,0.9183988057246484,0.9248296796581802,0.9266239315760189,0.03319061781617751,0.9641255605381166,0.04046957694736745,0.03094825096072935,93.73991031390135,231.74887892376682
oracle_compose_exact_not_L250,gold_size_bin,03-05,138,0.30434782608695654,0.3876811594202899,0.8101449275362319,0.8101449275362319,0.2889042912012267,0.32869579446267605,0.44126638461119033,0.017028440697369654,0.8945652173913043,0.0217505107910465,0.011231135824895409,89.8623188405797,368.45652173913044
oracle_compose_exact_not_L250,gold_size_bin,06-20,159,0.061168880036804575,0.09785651106405824,0.2896804104351274,0.2896804104351274,0.10999410746147982,0.10572079890762826,0.16348407595208564,0.15124487268978068,0.49722758024644814,0.05863808639216354,0.03526416093216088,48.0503144654088,228.83647798742138
oracle_compose_exact_not_L250,gold_size_bin,101-200,148,0.023975191400839212,0.05223976255236233,0.05255108480603951,0.07297297297297296,0.6960981914516777,0.4572293441636732,0.15423801239099655,0.8321340821340822,0.05255108480603951,0.09624763086272714,0.052536663885678445,7.344594594594595,7.344594594594595
oracle_compose_exact_not_L250,gold_size_bin,51-100,32,0.03094264862300778,0.045877510005080134,0.045877510005080134,0.045877510005080134,0.6634833471729791,0.34394181483659436,0.11726225033192396,0.875,0.045877510005080134,0.08495313672836585,0.045877510005080134,4.5,4.5
oracle_compose_exact_not_L50,overall,all,700,0.3801291506504277,0.39424080758599317,0.57790747425266,0.5786998458490189,0.4570890401402325,0.4181038791785913,0.45368996144167606,0.16326940602183532,0.57790747425266,0.06898992340651965,0.04349217200125763,38.7,40.43571428571428
oracle_compose_exact_not_L50,template,_,100,0.92,0.935,0.94,0.94,0.9168978648383113,0.9218600833457177,0.9230284439817873,0.037599999999999995,0.94,0.07230769230769228,0.03757647058823529,50.0,50.0
oracle_compose_exact_not_L50,template,_ or _,100,0.4475,0.475,0.955,0.955,0.4496259424359612,0.46240164544809476,0.5993339038300518,0.05069718655455532,0.955,0.09598603314233731,0.05065967750953317,80.23,80.23
oracle_compose_exact_not_L50,template,_ or _ or _,100,0.142,0.16799999999999998,0.9586666666666668,0.9586666666666668,0.17630500454966744,0.1797935466688582,0.43271995213525455,0.06277333513959706,0.9586666666666668,0.11714716707981758,0.06270808235038743,86.04,98.19
oracle_compose_exact_not_L50,template,_ that are also _,100,0.19698102636622217,0.1971207809435498,0.1971207809435498,0.20001044399707013,0.42219405064568777,0.28825460794848107,0.22307188548173076,0.47199551986921323,0.1971207809435498,0.12110493742021411,0.10911630081276304,4.41,4.41
oracle_compose_exact_not_L50,template,_ that are also _ but not _,100,0.009037344426088048,0.009179188397719253,0.009179188397719253,0.011836126518711203,0.2805025456009741,0.11845367937843315,0.03992143088484319,0.44,0.009179188397719253,0.017876569857839836,0.009179188397719253,1.18,1.18
oracle_compose_exact_not_L50,template,_ that are also both _ and _,100,0.015385683760683761,0.015385683760683761,0.015385683760683761,0.015385683760683761,0.029097872911026078,0.021584961096184793,0.021584961096184793,0.06,0.015385683760683761,0.01966131907308378,0.015385683760683761,0.07,0.07
oracle_compose_exact_not_L50,template,_ that are not _,100,0.93,0.96,0.97,0.97,0.925,0.9343786303643695,0.93616915268188,0.019819800589481438,0.97,0.03884574496465252,0.019819800589481438,48.97,48.97
oracle_compose_exact_not_L50,gold_size_bin,01-02,223,0.9192825112107623,0.9394618834080718,0.9461883408071748,0.9461883408071748,0.9156492667436374,0.922080140677169,0.9234069940195817,0.07597099572138775,0.9461883408071748,0.10241243376197415,0.07596044441566366,45.91479820627803,45.91479820627803
oracle_compose_exact_not_L50,gold_size_bin,03-05,138,0.36195652173913045,0.38623188405797104,0.860144927536232,0.860144927536232,0.3734044024343648,0.38513214256507483,0.5229555156023558,0.04638859500352598,0.860144927536232,0.08770887699108457,0.0463538820454498,73.02898550724638,75.03623188405797
oracle_compose_exact_not_L50,gold_size_bin,06-20,159,0.059990996075901734,0.07256961242810299,0.4604102832876418,0.4604102832876418,0.08159166323096308,0.0769168531278833,0.20249069530203795,0.06254984942722422,0.4604102832876418,0.0639976534890201,0.034456029181058896,41.22641509433962,47.125786163522015
oracle_compose_exact_not_L50,gold_size_bin,101-200,148,0.009372838024681673,0.009563107314518718,0.009563107314518718,0.013310810810810812,0.3077223992895192,0.13021940823018657,0.043784039014714046,0.46621621621621623,0.009563107314518718,0.018627753962348354,0.009563107314518718,1.3310810810810811,1.3310810810810811
oracle_compose_exact_not_L50,gold_size_bin,51-100,32,0.006708032861816685,0.006708032861816685,0.006708032861816685,0.006708032861816685,0.1789607665567919,0.0749486348319941,0.025602933202491115,0.375,0.006708032861816685,0.013081691865377564,0.006708032861816685,0.65625,0.65625
oracle_compose_exact_not_L500,overall,all,700,0.38406311208417865,0.4356066174317086,0.5705737013368358,0.5807006443702918,0.6310113915694782,0.5915139872559692,0.504923572253925,0.33753093970926384,0.6429308441939786,0.09137420629192788,0.054791114339242254,62.962857142857146,397.8385714285714
oracle_compose_exact_not_L500,template,_,100,0.92,0.935,0.945,0.945,0.9168978648383113,0.9218600833457177,0.9240707428049874,0.003900000000000001,0.975,0.007768924302788843,0.0038999600798403206,100.0,500.0
oracle_compose_exact_not_L500,template,_ or _,100,0.3725,0.475,0.955,0.955,0.33082301484576604,0.3771276132303905,0.502174561421342,0.005427005311563542,0.9975,0.010791072627747986,0.005426975039722409,100.0,780.16
oracle_compose_exact_not_L500,template,_ or _ or _,100,0.079,0.16399999999999998,0.5776666666666667,0.5776666666666667,0.10120359762354365,0.14115651182458075,0.26496005641766784,0.006799822487732981,0.9916666666666667,0.013496571442830469,0.006799650314466141,100.0,938.96
oracle_compose_exact_not_L500,template,_ that are also _,100,0.21737078523294862,0.2740301090277053,0.28949926127115916,0.3251627551322052,0.9308278141620214,0.803678004789464,0.4191816009975981,0.8015876101013951,0.28949926127115916,0.1973601068387705,0.11834276807865977,23.46,50.0
oracle_compose_exact_not_L500,template,_ that are also _ but not _,100,0.03648495631437666,0.10813016995232912,0.12376393837809914,0.15898904575124506,0.9210629316899624,0.7492995674880882,0.2748113917048267,0.9627380952380952,0.12376393837809914,0.21323466753099646,0.12371835899402157,15.92,15.92
oracle_compose_exact_not_L500,template,_ that are also both _ and _,100,0.1330860430419254,0.1330860430419254,0.1330860430419254,0.1330860430419254,0.2912645178267422,0.21309749974917358,0.21309749974917358,0.5802777777777778,0.1330860430419254,0.19300352200352197,0.12336382081970317,1.36,1.36
oracle_compose_exact_not_L500,template,_ that are not _,100,0.93,0.96,0.97,0.97,0.925,0.9343786303643695,0.93616915268188,0.00198626704828234,0.99,0.003964579296838866,0.00198626704828234,100.0,498.47
oracle_compose_exact_not_L500,gold_size_bin,01-02,223,0.92152466367713,0.9417040358744395,0.9506726457399103,0.9506726457399103,0.9183988057246484,0.9248296796581802,0.9266239315760189,0.015744826137561677,0.9730941704035875,0.02024668742361793,0.013502655769777073,94.26008968609865,464.21973094170403
oracle_compose_exact_not_L500,gold_size_bin,03-05,138,0.30169082125603863,0.3904589371980677,0.8158212560386473,0.8158212560386473,0.28275309615673133,0.32405524117844076,0.43778505806296014,0.026706725037568886,0.903864734299517,0.020538442970836113,0.012093176531403812,89.8840579710145,727.7608695652174
oracle_compose_exact_not_L500,gold_size_bin,06-20,159,0.09638535201798243,0.1372658551626365,0.3301379725630558,0.3301379725630558,0.1993461545107598,0.1685873711007812,0.22638821731675718,0.3430009731116047,0.5408297964624268,0.11430245758939583,0.07146168854262683,48.39622641509434,450.188679245283
oracle_compose_exact_not_L500,gold_size_bin,101-200,148,0.03261944639088799,0.10251545231934128,0.12311580997689738,0.17101351351351352,0.9161996830409851,0.7668490638587583,0.2874810350861573,0.9698505323505323,0.12311580997689738,0.2116657604966911,0.12301514103278968,17.25,17.25
oracle_compose_exact_not_L500,gold_size_bin,51-100,32,0.04868425277753467,0.12636690483565433,0.12828687776078188,0.12828687776078188,0.9559850467228941,0.7126279930205943,0.2453783149216003,0.96875,0.12828687776078188,0.22225014589634712,0.12828687776078188,12.5625,12.5625
oracle_compose_truncated_not_L10,overall,all,700,0.3839688773349839,0.5639926868587934,0.5642307820968886,0.5643287157287158,0.39775700166217737,0.476963882262734,0.47348751556708407,0.18581376364280117,0.5642307820968886,0.22560595520610727,0.15136720134012263,8.06,8.06
oracle_compose_truncated_not_L10,template,_,100,0.92,0.925,0.925,0.925,0.9168978648383113,0.9186702577061518,0.9186702577061518,0.18499999999999997,0.925,0.30833333333333335,0.18454545454545454,10.0,10.0
oracle_compose_truncated_not_L10,template,_ or _,100,0.48,0.9475,0.9475,0.9475,0.48464540526410543,0.7025025441858007,0.7025025441858007,0.2327129741603426,0.9475,0.37112090221290656,0.23167373079501224,16.91,16.91
oracle_compose_truncated_not_L10,template,_ or _ or _,100,0.17566666666666667,0.9433333333333335,0.945,0.945,0.21363275892777384,0.5942470080957811,0.5949159553025142,0.26611035546624967,0.945,0.41127042881321735,0.2643627334891553,21.78,21.78
oracle_compose_truncated_not_L10,template,_ that are also _,100,0.18100867223552608,0.18100867223552608,0.18100867223552608,0.18140101010101006,0.22372721052213357,0.1983129229758026,0.1861608561669038,0.2243611111111111,0.18100867223552608,0.12510774943916506,0.11536978334663718,0.8,0.8
oracle_compose_truncated_not_L10,template,_ that are also _ but not _,100,0.001106802442694235,0.001106802442694235,0.001106802442694235,0.0014000000000000002,0.04623068933291537,0.019361378024408883,0.0065099307570254585,0.13,0.001106802442694235,0.002192100926956957,0.001106802442694235,0.15,0.15
oracle_compose_truncated_not_L10,template,_ that are also both _ and _,100,0.01,0.01,0.01,0.01,0.01,0.01,0.01,0.01,0.01,0.01,0.01,0.01,0.01
oracle_compose_truncated_not_L10,template,_ that are not _,100,0.92,0.94,0.94,0.94,0.8891650827500022,0.8956530648511927,0.8956530648511927,0.2525119047619048,0.94,0.3512171717171717,0.2525119047619048,6.77,6.77
oracle_compose_truncated_not_L10,gold_size_bin,01-02,223,0.9103139013452914,0.92152466367713,0.92152466367713,0.92152466367713,0.8950954921920687,0.8987996962140559,0.8987996962140559,0.25196099366502955,0.92152466367713,0.35545363953435705,0.2517571616226325,7.820627802690583,7.820627802690583
oracle_compose_truncated_not_L10,gold_size_bin,03-05,138,0.39420289855072466,0.8532608695652174,0.8532608695652174,0.8532608695652174,0.40708566788840195,0.6234025738503092,0.6234025738503092,0.21142135991873595,0.8532608695652174,0.3362953763598588,0.21047109542420045,15.876811594202898,15.876811594202898
oracle_compose_truncated_not_L10,gold_size_bin,06-20,159,0.07023060796645703,0.44863731656184486,0.449685534591195,0.449685534591195,0.08584902044395257,0.27449937130072655,0.27492009281439517,0.13022758046461422,0.449685534591195,0.2001910136160495,0.12929959282941567,10.553459119496855,10.553459119496855
oracle_compose_truncated_not_L10,gold_size_bin,101-200,148,0.0012259895791960915,0.0012259895791960915,0.0012259895791960915,0.0016891891891891893,0.05475326560961579,0.02293062657804386,0.007710029268065524,0.14864864864864866,0.0012259895791960915,0.002430123238017427,0.0012259895791960915,0.17567567567567569,0.17567567567567569
oracle_compose_truncated_not_L10,gold_size_bin,51-100,32,0.0009406565656565656,0.0009406565656565656,0.0009406565656565656,0.0009406565656565656,0.027884583602554993,0.011678042702208064,0.003937323772475966,0.0625,0.0009406565656565656,0.0018504901960784315,0.0009406565656565656,0.09375,0.09375
oracle_compose_truncated_not_L100,overall,all,700,0.37743889320863755,0.39706636066778184,0.5798282654296866,0.581452691762996,0.48578192772035095,0.4343160951151179,0.45071835248999703,0.198865213872496,0.5835663606677818,0.0609609970374813,0.04118014332624437,54.44714285714286,77.74857142857142
oracle_compose_truncated_not_L100,template,_,100,0.92,0.935,0.945,0.945,0.9168978648383113,0.9218600833457177,0.9240707428049874,0.0189,0.945,0.03705882352941175,0.018895049504950495,100.0,100.0
oracle_compose_truncated_not_L100,template,_ or _,100,0.4325,0.475,0.955,0.955,0.42073694602561545,0.44160767499519066,0.5660440509990794,0.02504330957545028,0.9625,0.048746444916444344,0.02503509535869372,100.0,162.17
oracle_compose_truncated_not_L100,template,_ or _ or _,100,0.12533333333333332,0.16799999999999998,0.9473333333333334,0.9473333333333334,0.15068705504494864,0.16694906300340684,0.39725731718982343,0.030476869246664196,0.966,0.05892894302095969,0.030463321603050014,100.0,200.94
oracle_compose_truncated_not_L100,template,_ that are also _,100,0.20089671745139867,0.20403833623172749,0.20403833623172749,0.20952804179599216,0.5214247135942647,0.3502153615385151,0.24394495418293602,0.5493563035758602,0.20403833623172749,0.12175741258997418,0.10339463980758763,8.53,8.53
oracle_compose_truncated_not_L100,template,_ that are also _ but not _,100,0.015299771883300901,0.01938375865031565,0.01938375865031565,0.025265037419216353,0.43402264399940615,0.20762369852000417,0.06996409553265233,0.5852222222222223,0.01938375865031565,0.03702039358569757,0.01937267472972378,2.55,2.55
oracle_compose_truncated_not_L100,template,_ that are also both _ and _,100,0.028042429792429796,0.028042429792429796,0.028042429792429796,0.028042429792429796,0.05646708039705202,0.042340963895762224,0.042340963895762224,0.12,0.028042429792429796,0.039518759018759016,0.028042429792429796,0.15,0.15
oracle_compose_truncated_not_L100,template,_ that are not _,100,0.92,0.95,0.96,0.96,0.9002371901428583,0.9096158205072278,0.9114063428247383,0.06305779248727508,0.96,0.08369620260112243,0.06305779248727508,69.9,69.9
oracle_compose_truncated_not_L100,gold_size_bin,01-02,223,0.9170403587443946,0.9372197309417041,0.9461883408071748,0.9461883408071748,0.9072944066855715,0.9137252806191032,0.9155195325369417,0.08579107446777362,0.9461883408071748,0.10416984876366839,0.08354670204846892,79.14798206278027,79.14798206278027
oracle_compose_truncated_not_L100,gold_size_bin,03-05,138,0.35108695652173916,0.38623188405797104,0.8543478260869566,0.8543478260869566,0.3515632895244107,0.3691569904938466,0.493721283238854,0.022828417006465488,0.8684782608695651,0.04441219779595725,0.022821822693040693,89.85507246376811,152.44202898550725
oracle_compose_truncated_not_L100,gold_size_bin,06-20,159,0.05432437932437932,0.07738517597008163,0.4631294107709203,0.4631294107709203,0.079624069180047,0.07882363716050117,0.1938210624449006,0.07799809015924032,0.4673222828883207,0.04354631907614803,0.023299831092941745,47.880503144654085,96.14465408805032
oracle_compose_truncated_not_L100,gold_size_bin,101-200,148,0.014732033864520998,0.019546632207320665,0.019546632207320665,0.027229729729729726,0.44561213980921655,0.21821954612073846,0.07337257365072819,0.585960960960961,0.019546632207320665,0.03731474159313059,0.019541986226322444,2.7364864864864864,2.7364864864864864
oracle_compose_truncated_not_L100,gold_size_bin,51-100,32,0.013728372547526624,0.014040872547526624,0.014040872547526624,0.014040872547526624,0.3310668458625952,0.1402316618744576,0.047867627226595745,0.55625,0.014040872547526624,0.027109120850183722,0.014027722957793825,1.40625,1.40625
oracle_compose_truncated_not_L1000,overall,all,700,0.3913605491234358,0.45698107128065396,0.630636156092566,0.6552577531273526,0.669508607446729,0.6570750835813115,0.5823031854949068,0.38038697705928964,0.7057313941878041,0.18403490432500325,0.1259493203151592,68.47857142857143,739.0671428571428
oracle_compose_truncated_not_L1000,template,_,100,0.92,0.935,0.945,0.945,0.9168978648383113,0.9218600833457177,0.9240707428049874,0.001980000000000001,0.99,0.003952095808383234,0.001980000000000001,100.0,1000.0
oracle_compose_truncated_not_L1000,template,_ or _,100,0.3416666666666666,0.4725,0.955,0.955,0.3044910131723559,0.3660362262771671,0.49217045424876926,0.0027784132817349565,1.0,0.005540217669419498,0.0027784132817349565,100.0,1537.94
oracle_compose_truncated_not_L1000,template,_ or _ or _,100,0.07799999999999999,0.16033333333333333,0.5926666666666667,0.5926666666666667,0.09995185821815276,0.13840467193016465,0.26766299590840137,0.003530451938570089,0.9983333333333333,0.007032937025756746,0.0035304458236636587,100.0,1834.97
oracle_compose_truncated_not_L1000,template,_ that are also _,100,0.21957388801762565,0.30259429632398066,0.4284333458937823,0.5150069055555893,0.9782438876038995,0.9506721257411965,0.6087270287579779,0.7994600703105479,0.4284333458937823,0.3751402436161667,0.2523788403867815,44.74,107.94
oracle_compose_truncated_not_L1000,template,_ that are also _ but not _,100,0.03948390147595887,0.15065040223838508,0.305563613018634,0.39134123260033304,0.9886879492248767,0.953025872520776,0.5121739491725424,0.9834170760230191,0.305563613018634,0.4563061016274623,0.3046300962687486,39.52,39.52
oracle_compose_truncated_not_L1000,template,_ that are also both _ and _,100,0.27079938770379947,0.2777894670688788,0.2777894670688788,0.2777894670688788,0.5369783815337928,0.3988386773540742,0.3988386773540742,0.8223452380952381,0.2777894670688788,0.3854789272475031,0.2671498566792685,2.8,2.8
oracle_compose_truncated_not_L1000,template,_ that are not _,100,0.87,0.9,0.91,0.91,0.8613092975357145,0.870687927900084,0.8724784502175944,0.04919758976591722,0.94,0.05479380728033125,0.04919758976591722,92.29,650.3
oracle_compose_truncated_not_L1000,gold_size_bin,01-02,223,0.8946188340807175,0.9147982062780269,0.9237668161434978,0.9237668161434978,0.8898379526016504,0.8962688265351821,0.8980630784530208,0.03410139643782407,0.9573991031390134,0.03794983862483386,0.031859243971456355,91.75336322869956,773.9103139013453
oracle_compose_truncated_not_L1000,gold_size_bin,03-05,138,0.3007246376811594,0.4056763285024155,0.8342995169082125,0.8342995169082125,0.2915708548311654,0.3415223497778532,0.45651240742834515,0.0750067477663685,0.9241545893719807,0.041578257169898054,0.028146844384725988,89.97101449275362,1433.231884057971
oracle_compose_truncated_not_L1000,gold_size_bin,06-20,159,0.1638151285348843,0.21118834406847722,0.4145426417623976,0.4145426417623976,0.3288817618425401,0.26153915782409676,0.32236071278771944,0.4496642892889202,0.6199933755150182,0.20984688250853514,0.144300313902625,49.100628930817614,878.7924528301887
oracle_compose_truncated_not_L1000,gold_size_bin,101-200,148,0.035656593174123494,0.13575169613056268,0.29793839240303654,0.4143918918918919,0.9855592147669892,0.948969430134314,0.5306468849348932,0.9797856742346706,0.29793839240303654,0.4452354168030224,0.2968375543994839,42.141891891891895,42.141891891891895
oracle_compose_truncated_not_L1000,gold_size_bin,51-100,32,0.050893848737130626,0.1947880884035405,0.32202543173725695,0.32202543173725695,0.9947006217925998,0.966322630197462,0.4548237132089954,0.9940762362637363,0.32202543173725695,0.4801038599691877,0.32187313525760897,31.6875,31.6875
oracle_compose_truncated_not_L25,overall,all,700,0.37779965010324906,0.4023097818155083,0.5712859722916989,0.5716584027881406,0.4186974095168614,0.40426085182168864,0.4544734221980898,0.16755871783330897,0.5712859722916989,0.1384131706161399,0.09233746184786894,18.888571428571428,18.888571428571428
oracle_compose_truncated_not_L25,template,_,100,0.92,0.935,0.935,0.935,0.9168978648383113,0.9218600833457177,0.9218600833457177,0.07479999999999999,0.935,0.13851851851851854,0.07469230769230768,25.0,25.0
oracle_compose_truncated_not_L25,template,_ or _,100,0.45,0.5225,0.95,0.95,0.45979794699032,0.48853890049015825,0.6316355702323395,0.10300758937663285,0.95,0.1846461358463598,0.1028451374001964,39.74,39.74
oracle_compose_truncated_not_L25,template,_ or _ or _,100,0.14566666666666667,0.1996666666666667,0.955,0.955,0.1819851019730525,0.19688781013063136,0.48031153050577147,0.12845950547346957,0.955,0.22388366682970165,0.12817963901668647,48.27,48.27
oracle_compose_truncated_not_L25,template,_ that are also _,100,0.1937920966901565,0.1937920966901565,0.1937920966901565,0.1953073930797335,0.32822805178754516,0.24788980443193967,0.20948950465029617,0.35880651232825145,0.1937920966901565,0.12136430441580678,0.11259860901840799,2.39,2.39
oracle_compose_truncated_not_L25,template,_ that are also _ but not _,100,0.0037445565966891703,0.0038154785825047733,0.0038154785825047733,0.004907195668020411,0.13064320924475584,0.055219234892609895,0.018587137191740054,0.265,0.0038154785825047733,0.007483212203166992,0.003814891383444291,0.5,0.5
oracle_compose_truncated_not_L25,template,_ that are also both _ and _,100,0.01139423076923077,0.01139423076923077,0.01139423076923077,0.01139423076923077,0.01678320410547232,0.013505011417821296,0.013505011417821296,0.03,0.01139423076923077,0.012605042016806723,0.01139423076923077,0.03,0.03
oracle_compose_truncated_not_L25,template,_ that are not _,100,0.92,0.95,0.95,0.95,0.8965464876785728,0.9059251180429423,0.9059251180429423,0.21283741765480893,0.95,0.28039131448261884,0.21283741765480893,16.29,16.29
oracle_compose_truncated_not_L25,gold_size_bin,01-02,223,0.9147982062780269,0.9349775784753364,0.9349775784753364,0.9349775784753364,0.902889844177975,0.9093207181115066,0.9093207181115066,0.182261852010341,0.9349775784753364,0.2434223224981657,0.1822135594956808,19.3542600896861,19.3542600896861
oracle_compose_truncated_not_L25,gold_size_bin,03-05,138,0.3652173913043479,0.4278985507246377,0.855072463768116,0.855072463768116,0.38306272785404155,0.4085364691358162,0.5540423208843002,0.09442894728360728,0.855072463768116,0.168784597247914,0.09427544668511843,37.072463768115945,37.072463768115945
oracle_compose_truncated_not_L25,gold_size_bin,06-20,159,0.058528866311885176,0.08368609901628768,0.45685171746492503,0.45685171746492503,0.07543376643413048,0.07871156895043045,0.22067528889031318,0.0761982060369336,0.45685171746492503,0.11208308206965212,0.06435150362305044,23.18867924528302,23.18867924528302
oracle_compose_truncated_not_L25,gold_size_bin,101-200,148,0.0045419354993863495,0.004589855760072568,0.004589855760072568,0.006351351351351352,0.1661741381402443,0.06993546716258889,0.023514599431647697,0.3141891891891892,0.004589855760072568,0.009005729363193908,0.004589459003950622,0.6418918918918919,0.6418918918918919
oracle_compose_truncated_not_L25,gold_size_bin,51-100,32,0.002545589836730986,0.002545589836730986,0.002545589836730986,0.002545589836730986,0.07166730182731074,0.030014212262243815,0.01023448338499265,0.15625,0.002545589836730986,0.004990909348982931,0.002545589836730986,0.25,0.25
oracle_compose_truncated_not_L250,overall,all,700,0.3696523610020287,0.4075125006244249,0.5372926087580596,0.5416103793990683,0.545669167783665,0.4897937768077504,0.45136852598380767,0.2702152218472384,0.6053640373294881,0.062776257439861,0.040269285294337265,56.925714285714285,188.88142857142856
oracle_compose_truncated_not_L250,template,_,100,0.92,0.935,0.945,0.945,0.9168978648383113,0.9218600833457177,0.9240707428049874,0.007640000000000003,0.955,0.015158730158730154,0.007639521912350599,100.0,250.0
oracle_compose_truncated_not_L250,template,_ or _,100,0.38,0.475,0.955,0.955,0.34727538014111303,0.39187320219181954,0.5168096170441746,0.010713293380393746,0.9925,0.02118188762030275,0.010713012656379285,100.0,393.5
oracle_compose_truncated_not_L250,template,_ or _ or _,100,0.08966666666666664,0.16799999999999998,0.576,0.576,0.11204541334278505,0.1487265301773143,0.2709811402305962,0.013265302358727653,0.985,0.026139248205755018,0.013264118072259587,100.0,478.41
oracle_compose_truncated_not_L250,template,_ that are also _,100,0.2097739710406844,0.23162751077946628,0.2320882677149085,0.2475920240254753,0.7501126628191415,0.5511729225529781,0.31236828764779057,0.7362548817374293,0.2320882677149085,0.136394695780179,0.09391012847721289,14.65,23.65
oracle_compose_truncated_not_L250,template,_ that are also _ but not _,100,0.025534036714997,0.050368140999655614,0.050368140999655614,0.06508877917615032,0.6790357295719589,0.4243891702347672,0.14302484268993845,0.8201713023818286,0.050368140999655614,0.09257914250610044,0.05030459027801649,6.6,6.6
oracle_compose_truncated_not_L250,template,_ that are also both _ and _,100,0.06259185259185258,0.06259185259185258,0.06259185259185258,0.06259185259185258,0.1303892311652023,0.09722800618014261,0.09722800618014261,0.2505555555555556,0.06259185259185258,0.08364842467474044,0.05314740814740815,0.6,0.6
oracle_compose_truncated_not_L250,template,_ that are not _,100,0.9,0.93,0.94,0.94,0.8839278926071438,0.8933065229715131,0.8950970452890236,0.05290621751673386,0.96,0.06433167313321914,0.05290621751673386,76.63,169.41
oracle_compose_truncated_not_L250,gold_size_bin,01-02,223,0.9080717488789237,0.9282511210762332,0.9372197309417041,0.9372197309417041,0.8999808203466859,0.9064116942802177,0.9082059461980563,0.055130524840419005,0.9506726457399103,0.06576244785539784,0.052888157984970846,83.26008968609865,196.1659192825112
oracle_compose_truncated_not_L250,gold_size_bin,03-05,138,0.30434782608695654,0.3876811594202899,0.8101449275362319,0.8101449275362319,0.2889042912012267,0.32869579446267605,0.44126638461119033,0.017028440697369654,0.8945652173913043,0.0217505107910465,0.011231135824895409,89.8623188405797,368.45652173913044
oracle_compose_truncated_not_L250,gold_size_bin,06-20,159,0.061168880036804575,0.09785651106405824,0.2896804104351274,0.2896804104351274,0.10999410746147982,0.10572079890762826,0.16348407595208564,0.15124487268978068,0.49722758024644814,0.05863808639216354,0.03526416093216088,48.0503144654088,228.83647798742138
oracle_compose_truncated_not_L250,gold_size_bin,101-200,148,0.02392321634886416,0.05223976255236233,0.05255108480603951,0.07297297297297296,0.6938065684430722,0.45641940002705067,0.15396568258886037,0.8292946740315161,0.05255108480603951,0.09619932849540981,0.052507234654454144,7.385135135135135,7.385135135135135
oracle_compose_truncated_not_L250,gold_size_bin,51-100,32,0.03094264862300778,0.045877510005080134,0.045877510005080134,0.045877510005080134,0.6634833471729791,0.34394181483659436,0.11726225033192396,0.8663461538461539,0.045877510005080134,0.08486960916593458,0.045827231702476046,4.59375,4.59375
oracle_compose_truncated_not_L50,overall,all,700,0.3787005792218563,0.3928122361574218,0.5764789028240885,0.5772712744204475,0.45274840715798453,0.413923567812308,0.4495863310431234,0.17471430579677574,0.5764789028240885,0.08398399862117013,0.05529396297660074,36.55714285714286,38.292857142857144
oracle_compose_truncated_not_L50,template,_,100,0.92,0.935,0.94,0.94,0.9168978648383113,0.9218600833457177,0.9230284439817873,0.037599999999999995,0.94,0.07230769230769228,0.03757647058823529,50.0,50.0
oracle_compose_truncated_not_L50,template,_ or _,100,0.4475,0.475,0.955,0.955,0.4496259424359612,0.46240164544809476,0.5993339038300518,0.05069718655455532,0.955,0.09598603314233731,0.05065967750953317,80.23,80.23
oracle_compose_truncated_not_L50,template,_ or _ or _,100,0.142,0.16799999999999998,0.9586666666666668,0.9586666666666668,0.17630500454966744,0.1797935466688582,0.43271995213525455,0.06277333513959706,0.9586666666666668,0.11714716707981758,0.06270808235038743,86.04,98.19
oracle_compose_truncated_not_L50,template,_ that are also _,100,0.19698102636622217,0.1971207809435498,0.1971207809435498,0.20001044399707013,0.42219405064568777,0.28825460794848107,0.22307188548173076,0.47199551986921323,0.1971207809435498,0.12110493742021411,0.10911630081276304,4.41,4.41
oracle_compose_truncated_not_L50,template,_ that are also _ but not _,100,0.009037344426088048,0.009179188397719253,0.009179188397719253,0.011836126518711203,0.27857162704666494,0.11764501213587691,0.039649530416401374,0.4375,0.009179188397719253,0.017873203232320813,0.009177426800537809,1.2,1.2
oracle_compose_truncated_not_L50,template,_ that are also both _ and _,100,0.015385683760683761,0.015385683760683761,0.015385683760683761,0.015385683760683761,0.029097872911026078,0.021584961096184793,0.021584961096184793,0.06,0.015385683760683761,0.01966131907308378,0.015385683760683761,0.07,0.07
oracle_compose_truncated_not_L50,template,_ that are not _,100,0.92,0.95,0.96,0.96,0.8965464876785728,0.9059251180429423,0.9077156403604527,0.10243409901406465,0.96,0.14380763809272504,0.10243409901406465,33.95,33.95
oracle_compose_truncated_not_L50,gold_size_bin,01-02,223,0.9147982062780269,0.9349775784753364,0.9417040358744395,0.9417040358744395,0.902889844177975,0.9093207181115066,0.9106475714539193,0.11301776631537123,0.9417040358744395,0.14948054727232057,0.11300721500964715,39.17937219730942,39.17937219730942
oracle_compose_truncated_not_L50,gold_size_bin,03-05,138,0.36195652173913045,0.38623188405797104,0.860144927536232,0.860144927536232,0.3734044024343648,0.38513214256507483,0.5229555156023558,0.04638859500352598,0.860144927536232,0.08770887699108457,0.0463538820454498,73.02898550724638,75.03623188405797
oracle_compose_truncated_not_L50,gold_size_bin,06-20,159,0.059990996075901734,0.07256961242810299,0.4604102832876418,0.4604102832876418,0.08159166323096308,0.0769168531278833,0.20249069530203795,0.06254984942722422,0.4604102832876418,0.0639976534890201,0.034456029181058896,41.22641509433962,47.125786163522015
oracle_compose_truncated_not_L50,gold_size_bin,101-200,148,0.009372838024681673,0.009563107314518718,0.009563107314518718,0.013310810810810812,0.3064177245906617,0.12967301144467558,0.04360032248198309,0.46452702702702703,0.009563107314518718,0.01862547921537604,0.009561917046152876,1.3445945945945945,1.3445945945945945
oracle_compose_truncated_not_L50,gold_size_bin,51-100,32,0.006708032861816685,0.006708032861816685,0.006708032861816685,0.006708032861816685,0.1789607665567919,0.0749486348319941,0.025602933202491115,0.375,0.006708032861816685,0.013081691865377564,0.006708032861816685,0.65625,0.65625
oracle_compose_truncated_not_L500,overall,all,700,0.3783488263698929,0.42985973419798323,0.56485941562255,0.5749863586560061,0.6239455406828806,0.5844507974647616,0.49809902993860794,0.34301616128096146,0.6372165584796929,0.0985200127258296,0.061276633504135695,61.09285714285714,374.1985714285714
oracle_compose_truncated_not_L500,template,_,100,0.92,0.935,0.945,0.945,0.9168978648383113,0.9218600833457177,0.9240707428049874,0.003900000000000001,0.975,0.007768924302788843,0.0038999600798403206,100.0,500.0
oracle_compose_truncated_not_L500,template,_ or _,100,0.3725,0.475,0.955,0.955,0.33082301484576604,0.3771276132303905,0.502174561421342,0.005427005311563542,0.9975,0.010791072627747986,0.005426975039722409,100.0,780.16
oracle_compose_truncated_not_L500,template,_ or _ or _,100,0.079,0.16399999999999998,0.5776666666666667,0.5776666666666667,0.10120359762354365,0.14115651182458075,0.26496005641766784,0.006799822487732981,0.9916666666666667,0.013496571442830469,0.006799650314466141,100.0,938.96
oracle_compose_truncated_not_L500,template,_ that are also _,100,0.21737078523294862,0.2740301090277053,0.28949926127115916,0.3251627551322052,0.9308278141620214,0.803678004789464,0.4191816009975981,0.8015876101013951,0.28949926127115916,0.1973601068387705,0.11834276807865977,23.46,50.0
oracle_compose_truncated_not_L500,template,_ that are also _ but not _,100,0.03648495631437666,0.10790198731625177,0.12376393837809914,0.15898904575124506,0.9189833804123496,0.7472386438782059,0.2744210004261778,0.9556486418615708,0.12376393837809914,0.2131065610557422,0.12363098876986803,16.0,16.0
oracle_compose_truncated_not_L500,template,_ that are also both _ and _,100,0.1330860430419254,0.1330860430419254,0.1330860430419254,0.1330860430419254,0.2912645178267422,0.21309749974917358,0.21309749974917358,0.5802777777777778,0.1330860430419254,0.19300352200352197,0.12336382081970317,1.36,1.36
oracle_compose_truncated_not_L500,template,_ that are not _,100,0.89,0.92,0.93,0.93,0.8776185950714291,0.8869972254357986,0.8887877477533092,0.047472271426690006,0.95,0.054113330809405065,0.047472271426690006,86.83,332.91
oracle_compose_truncated_not_L500,gold_size_bin,01-02,223,0.9035874439461884,0.9237668161434978,0.9327354260089686,0.9327354260089686,0.8971515389405358,0.9035824128740677,0.9053766647919063,0.03614213751801354,0.9551569506726457,0.042734916801450314,0.033899967150228937,88.3542600896861,389.9775784753363
oracle_compose_truncated_not_L500,gold_size_bin,03-05,138,0.30169082125603863,0.3904589371980677,0.8158212560386473,0.8158212560386473,0.28275309615673133,0.32405524117844076,0.43778505806296014,0.026706725037568886,0.903864734299517,0.020538442970836113,0.012093176531403812,89.8840579710145,727.7608695652174
oracle_compose_truncated_not_L500,gold_size_bin,06-20,159,0.09638535201798243,0.1372658551626365,0.3301379725630558,0.3301379725630558,0.1993461545107598,0.1685873711007812,0.22638821731675718,0.3430009731116047,0.5408297964624268,0.11430245758939583,0.07146168854262683,48.39622641509434,450.188679245283
oracle_compose_truncated_not_L500,gold_size_bin,101-200,148,0.03261944639088799,0.10236127486253224,0.12311580997689738,0.17101351351351352,0.9161996830409851,0.7660450036599304,0.2874151153334756,0.9664117125015295,0.12311580997689738,0.2115841520724153,0.1229587830408208,17.2972972972973,17.2972972972973
oracle_compose_truncated_not_L500,gold_size_bin,51-100,32,0.04868425277753467,0.12636690483565433,0.12828687776078188,0.12828687776078188,0.9494864489803543,0.709906385159292,0.24446322103197543,0.9625,0.12828687776078188,0.22222725212345334,0.1282745015231581,12.59375,12.59375
oracle_full_verify_F1000,overall,all,700,0.6806255631141324,0.776951743674928,0.9274954079426914,0.9838810520521861,0.9923381177696183,0.9914261260246953,0.9858516163856,0.9928571428571429,0.9811663805556483,0.9844857386885305,0.9811663805556483,27.532857142857143,35.27571428571429
oracle_full_verify_F1000,template,_,100,0.99,0.99,0.99,0.99,0.99,0.99,0.99,0.99,0.99,0.99,0.99,1.98,1.98
oracle_full_verify_F1000,template,_ or _,100,0.995,0.995,0.995,0.995,0.9963668243873284,0.9963668243873284,0.9963668243873284,1.0,0.995,0.9966666666666666,0.995,3.93,3.93
oracle_full_verify_F1000,template,_ or _ or _,100,0.8733333333333332,0.9983333333333333,0.9983333333333333,0.9983333333333333,1.0,0.9989221084547549,0.9989221084547549,1.0,0.9983333333333333,0.999090909090909,0.9983333333333333,5.74,5.74
oracle_full_verify_F1000,template,_ that are also _,100,0.2300283319159232,0.32011332766369277,0.7981753459189257,1.0,1.0,1.0,1.0,1.0,1.0,1.0,1.0,79.97,109.46
oracle_full_verify_F1000,template,_ that are also _ but not _,100,0.03912206800004923,0.15521554472746962,0.7309591763465809,0.9238340310319693,0.98,0.9746939493307846,0.9356723818571169,0.98,0.9048313305562045,0.9256425950621374,0.9048313305562045,91.94,116.65
oracle_full_verify_F1000,template,_ that are also both _ and _,100,0.6568952085496204,1.0,1.0,1.0,1.0,1.0,1.0,1.0,1.0,1.0,1.0,8.19,8.19
oracle_full_verify_F1000,template,_ that are not _,100,0.98,0.98,0.98,0.98,0.98,0.98,0.98,0.98,0.98,0.98,0.98,0.98,0.98
oracle_full_verify_F1000,gold_size_bin,01-02,223,0.9865470852017937,0.9865470852017937,0.9865470852017937,0.9865470852017937,0.9865470852017937,0.9865470852017937,0.9865470852017937,0.9865470852017937,0.9865470852017937,0.9865470852017937,0.9865470852017937,1.4394618834080717,1.4394618834080717
oracle_full_verify_F1000,gold_size_bin,03-05,138,0.9963768115942029,0.9963768115942029,0.9963768115942029,0.9963768115942029,0.9973672640487886,0.9973672640487886,0.9973672640487886,1.0,0.9963768115942029,0.9975845410628018,0.9963768115942029,4.159420289855072,4.159420289855072
oracle_full_verify_F1000,gold_size_bin,06-20,159,0.7045462527565746,0.9989517819706499,0.9989517819706499,0.9989517819706499,1.0,0.999322080789154,0.999322080789154,1.0,0.9989517819706499,0.9994282447112636,0.9989517819706499,7.591194968553459,7.591194968553459
oracle_full_verify_F1000,gold_size_bin,101-200,148,0.03599988664703811,0.14313959572820162,0.6923651967794171,0.9590540540540541,0.9932432432432432,0.9896580738721518,0.9661645633570839,0.9932432432432432,0.9462143915704292,0.9589767052061259,0.9462143915704292,95.9054054054054,132.52702702702703
oracle_full_verify_F1000,gold_size_bin,51-100,32,0.049595523994862584,0.19838209597945033,0.9513563469749037,0.9513563469749037,0.96875,0.96875,0.9554650877769765,0.96875,0.9513563469749037,0.957365847990848,0.9513563469749037,93.03125,93.03125
oracle_hybrid_verify_F1000_L10,overall,all,700,0.6809945123467179,0.7773206929075137,0.9278980494646084,0.9842953377664717,0.9931014752414321,0.9919078832598808,0.9862366204170327,0.9942857142857143,0.9815690220775654,0.9848190617087874,0.9815690220775654,27.54,35.28285714285714
oracle_hybrid_verify_F1000_L10,template,_,100,0.99,0.99,0.99,0.99,0.99,0.99,0.99,0.99,0.99,0.99,0.99,1.98,1.98
oracle_hybrid_verify_F1000_L10,template,_ or _,100,0.9975,0.9975,0.9975,0.9975,0.9983187246372889,0.9983187246372889,0.9983187246372889,1.0,0.9975,0.9985714285714287,0.9975,3.94,3.94
oracle_hybrid_verify_F1000_L10,template,_ or _ or _,100,0.8733333333333332,0.9983333333333333,0.9983333333333333,0.9983333333333333,1.0,0.9989221084547549,0.9989221084547549,1.0,0.9983333333333333,0.999090909090909,0.9983333333333333,5.74,5.74
oracle_hybrid_verify_F1000_L10,template,_ that are also _,100,0.2300283319159232,0.32011332766369277,0.7981753459189257,1.0,1.0,1.0,1.0,1.0,1.0,1.0,1.0,79.97,109.46
oracle_hybrid_verify_F1000_L10,template,_ that are also _ but not _,100,0.039204712628148404,0.1552981893555688,0.7312776669999999,0.9242340310319692,0.9833916020527361,0.9761143497271212,0.9364155098271855,0.99,0.9051498212096233,0.9260710942991734,0.9051498212096233,91.98,116.69
oracle_hybrid_verify_F1000_L10,template,_ that are also both _ and _,100,0.6568952085496204,1.0,1.0,1.0,1.0,1.0,1.0,1.0,1.0,1.0,1.0,8.19,8.19
oracle_hybrid_verify_F1000_L10,template,_ that are not _,100,0.98,0.98,0.98,0.98,0.98,0.98,0.98,0.98,0.98,0.98,0.98,0.98,0.98
oracle_hybrid_verify_F1000_L10,gold_size_bin,01-02,223,0.9865470852017937,0.9865470852017937,0.9865470852017937,0.9865470852017937,0.9865470852017937,0.9865470852017937,0.9865470852017937,0.9865470852017937,0.9865470852017937,0.9865470852017937,0.9865470852017937,1.4394618834080717,1.4394618834080717
oracle_hybrid_verify_F1000_L10,gold_size_bin,03-05,138,0.9981884057971014,0.9981884057971014,0.9981884057971014,0.9981884057971014,0.9987816845197744,0.9987816845197744,0.9987816845197744,1.0,0.9981884057971014,0.9989648033126294,0.9981884057971014,4.166666666666667,4.166666666666667
oracle_hybrid_verify_F1000_L10,gold_size_bin,06-20,159,0.7045462527565746,0.9989517819706499,0.9989517819706499,0.9989517819706499,1.0,0.999322080789154,0.999322080789154,1.0,0.9989517819706499,0.9994282447112636,0.9989517819706499,7.591194968553459,7.591194968553459
oracle_hybrid_verify_F1000_L10,gold_size_bin,101-200,148,0.03605572761196999,0.1431954366931335,0.6925803931668624,0.9593243243243245,0.9955348662518488,0.9906178038696765,0.9666666768503737,1.0,0.9464295879578744,0.9592662317176367,0.9464295879578744,95.93243243243244,132.55405405405406
oracle_hybrid_verify_F1000_L10,gold_size_bin,51-100,32,0.049595523994862584,0.19838209597945033,0.9513563469749037,0.9513563469749037,0.96875,0.96875,0.9554650877769765,0.96875,0.9513563469749037,0.957365847990848,0.9513563469749037,93.03125,93.03125
oracle_hybrid_verify_F1000_L100,overall,all,700,0.6810917628001071,0.7774698914128508,0.928342823252735,0.9848264069264071,0.9950779986233912,0.9929870389348886,0.9869158760536766,0.9957142857142857,0.9820137958656918,0.9853917977453414,0.9820137958656918,27.59285714285714,35.33571428571429
oracle_hybrid_verify_F1000_L100,template,_,100,0.99,0.99,0.99,0.99,0.99,0.99,0.99,0.99,0.99,0.99,0.99,1.98,1.98
oracle_hybrid_verify_F1000_L100,template,_ or _,100,0.9975,0.9975,0.9975,0.9975,0.9983187246372889,0.9983187246372889,0.9983187246372889,1.0,0.9975,0.9985714285714287,0.9975,3.94,3.94
oracle_hybrid_verify_F1000_L100,template,_ or _ or _,100,0.8733333333333332,0.9983333333333333,0.9983333333333333,0.9983333333333333,1.0,0.9989221084547549,0.9989221084547549,1.0,0.9983333333333333,0.999090909090909,0.9983333333333333,5.74,5.74
oracle_hybrid_verify_F1000_L100,template,_ that are also _,100,0.2300283319159232,0.32011332766369277,0.7981753459189257,1.0,1.0,1.0,1.0,1.0,1.0,1.0,1.0,79.97,109.46
oracle_hybrid_verify_F1000_L100,template,_ that are also _ but not _,100,0.03988546580187252,0.1563425788929293,0.7343910835168854,0.9279515151515152,0.9972272657264495,0.9836684394521762,0.9411702992836918,1.0,0.908263237726509,0.930080246555052,0.908263237726509,92.35,117.06
oracle_hybrid_verify_F1000_L100,template,_ that are also both _ and _,100,0.6568952085496204,1.0,1.0,1.0,1.0,1.0,1.0,1.0,1.0,1.0,1.0,8.19,8.19
oracle_hybrid_verify_F1000_L100,template,_ that are not _,100,0.98,0.98,0.98,0.98,0.98,0.98,0.98,0.98,0.98,0.98,0.98,0.98,0.98
oracle_hybrid_verify_F1000_L100,gold_size_bin,01-02,223,0.9865470852017937,0.9865470852017937,0.9865470852017937,0.9865470852017937,0.9865470852017937,0.9865470852017937,0.9865470852017937,0.9865470852017937,0.9865470852017937,0.9865470852017937,0.9865470852017937,1.4394618834080717,1.4394618834080717
oracle_hybrid_verify_F1000_L100,gold_size_bin,03-05,138,0.9981884057971014,0.9981884057971014,0.9981884057971014,0.9981884057971014,0.9987816845197744,0.9987816845197744,0.9987816845197744,1.0,0.9981884057971014,0.9989648033126294,0.9981884057971014,4.166666666666667,4.166666666666667
oracle_hybrid_verify_F1000_L100,gold_size_bin,06-20,159,0.7045462527565746,0.9989517819706499,0.9989517819706499,0.9989517819706499,1.0,0.999322080789154,0.999322080789154,1.0,0.9989517819706499,0.9994282447112636,0.9989517819706499,7.591194968553459,7.591194968553459
oracle_hybrid_verify_F1000_L100,gold_size_bin,101-200,148,0.036167409541833735,0.14355281886869747,0.694199266408308,0.9613513513513514,0.9981265308962496,0.9928921938859038,0.9687926392853706,1.0,0.9480484611993202,0.9611921653126618,0.9480484611993202,96.13513513513513,132.75675675675674
oracle_hybrid_verify_F1000_L100,gold_size_bin,51-100,32,0.05120634873713063,0.1999929207217184,0.9535984848484849,0.9535984848484849,1.0,0.9818374765657452,0.9604912285666984,1.0,0.9535984848484849,0.9609870059134764,0.9535984848484849,93.25,93.25
oracle_hybrid_verify_F1000_L1000,overall,all,700,0.6843296612652783,0.7812356687470443,0.9356129928170202,0.992817799497181,0.9985714285714286,0.9984174440649649,0.9942616807919509,0.9985714285714286,0.9893679990434225,0.9927102275927208,0.9893679990434225,28.072857142857142,35.82857142857143
oracle_hybrid_verify_F1000_L1000,template,_,100,0.99,0.99,0.99,0.99,0.99,0.99,0.99,0.99,0.99,0.99,0.99,1.98,1.98
oracle_hybrid_verify_F1000_L1000,template,_ or _,100,1.0,1.0,1.0,1.0,1.0,1.0,1.0,1.0,1.0,1.0,1.0,3.95,3.95
oracle_hybrid_verify_F1000_L1000,template,_ or _ or _,100,0.8733333333333332,0.9983333333333333,0.9983333333333333,0.9983333333333333,1.0,0.9989221084547549,0.9989221084547549,1.0,0.9983333333333333,0.999090909090909,0.9983333333333333,5.74,5.74
oracle_hybrid_verify_F1000_L1000,template,_ that are also _,100,0.2300283319159232,0.32011332766369277,0.7981753459189257,1.0,1.0,1.0,1.0,1.0,1.0,1.0,1.0,79.97,109.46
oracle_hybrid_verify_F1000_L1000,template,_ that are also _ but not _,100,0.04005075505807087,0.16020302023228347,0.7627822704668826,0.9613912631469332,1.0,1.0,0.9709096570889021,1.0,0.9372426599706236,0.9598806840581366,0.9372426599706236,95.68,120.48
oracle_hybrid_verify_F1000_L1000,template,_ that are also both _ and _,100,0.6568952085496204,1.0,1.0,1.0,1.0,1.0,1.0,1.0,1.0,1.0,1.0,8.19,8.19
oracle_hybrid_verify_F1000_L1000,template,_ that are not _,100,1.0,1.0,1.0,1.0,1.0,1.0,1.0,1.0,1.0,1.0,1.0,1.0,1.0
oracle_hybrid_verify_F1000_L1000,gold_size_bin,01-02,223,0.9955156950672646,0.9955156950672646,0.9955156950672646,0.9955156950672646,0.9955156950672646,0.9955156950672646,0.9955156950672646,0.9955156950672646,0.9955156950672646,0.9955156950672646,0.9955156950672646,1.4484304932735426,1.4484304932735426
oracle_hybrid_verify_F1000_L1000,gold_size_bin,03-05,138,1.0,1.0,1.0,1.0,1.0,1.0,1.0,1.0,1.0,1.0,1.0,4.173913043478261,4.173913043478261
oracle_hybrid_verify_F1000_L1000,gold_size_bin,06-20,159,0.7045462527565746,0.9989517819706499,0.9989517819706499,0.9989517819706499,1.0,0.999322080789154,0.999322080789154,1.0,0.9989517819706499,0.9994282447112636,0.9989517819706499,7.591194968553459,7.591194968553459
oracle_hybrid_verify_F1000_L1000,gold_size_bin,101-200,148,0.03627909147169748,0.14511636588678992,0.7092340224586993,0.9797972972972973,1.0,1.0,0.9848228221937763,1.0,0.9634806735295206,0.9766986520856802,0.9634806735295206,97.97972972972973,134.66216216216216
oracle_hybrid_verify_F1000_L1000,gold_size_bin,51-100,32,0.05120634873713063,0.20482539494852253,0.9727851973341664,0.9727851973341664,1.0,1.0,0.9792871257566038,1.0,0.9727851973341664,0.9823958717854067,0.9727851973341664,95.125,95.125
oracle_hybrid_verify_F1000_L25,overall,all,700,0.6810239674277194,0.7773501479885152,0.9280080086090258,0.9844247928474733,0.9938916844843009,0.9922388222982192,0.986436790999433,0.9957142857142857,0.9816789812219827,0.9849618247507798,0.9816789812219827,27.552857142857142,35.29571428571428
oracle_hybrid_verify_F1000_L25,template,_,100,0.99,0.99,0.99,0.99,0.99,0.99,0.99,0.99,0.99,0.99,0.99,1.98,1.98
oracle_hybrid_verify_F1000_L25,template,_ or _,100,0.9975,0.9975,0.9975,0.9975,0.9983187246372889,0.9983187246372889,0.9983187246372889,1.0,0.9975,0.9985714285714287,0.9975,3.94,3.94
oracle_hybrid_verify_F1000_L25,template,_ or _ or _,100,0.8733333333333332,0.9983333333333333,0.9983333333333333,0.9983333333333333,1.0,0.9989221084547549,0.9989221084547549,1.0,0.9983333333333333,0.999090909090909,0.9983333333333333,5.74,5.74
oracle_hybrid_verify_F1000_L25,template,_ that are also _,100,0.2300283319159232,0.32011332766369277,0.7981753459189257,1.0,1.0,1.0,1.0,1.0,1.0,1.0,1.0,79.97,109.46
oracle_hybrid_verify_F1000_L25,template,_ that are also _ but not _,100,0.03941089819515871,0.1555043749225791,0.7320473810109215,0.9251402165989795,0.9889230667528176,0.9784309229954912,0.9378167039039877,1.0,0.9059195352205448,0.9270704355931205,0.9059195352205448,92.07,116.78
oracle_hybrid_verify_F1000_L25,template,_ that are also both _ and _,100,0.6568952085496204,1.0,1.0,1.0,1.0,1.0,1.0,1.0,1.0,1.0,1.0,8.19,8.19
oracle_hybrid_verify_F1000_L25,template,_ that are not _,100,0.98,0.98,0.98,0.98,0.98,0.98,0.98,0.98,0.98,0.98,0.98,0.98,0.98
oracle_hybrid_verify_F1000_L25,gold_size_bin,01-02,223,0.9865470852017937,0.9865470852017937,0.9865470852017937,0.9865470852017937,0.9865470852017937,0.9865470852017937,0.9865470852017937,0.9865470852017937,0.9865470852017937,0.9865470852017937,0.9865470852017937,1.4394618834080717,1.4394618834080717
oracle_hybrid_verify_F1000_L25,gold_size_bin,03-05,138,0.9981884057971014,0.9981884057971014,0.9981884057971014,0.9981884057971014,0.9987816845197744,0.9987816845197744,0.9987816845197744,1.0,0.9981884057971014,0.9989648033126294,0.9981884057971014,4.166666666666667,4.166666666666667
oracle_hybrid_verify_F1000_L25,gold_size_bin,06-20,159,0.7045462527565746,0.9989517819706499,0.9989517819706499,0.9989517819706499,1.0,0.999322080789154,0.999322080789154,1.0,0.9989517819706499,0.9994282447112636,0.9989517819706499,7.591194968553459,7.591194968553459
oracle_hybrid_verify_F1000_L25,gold_size_bin,101-200,148,0.03605572761196999,0.1431954366931335,0.6929611556289645,0.9597972972972973,0.9955348662518488,0.9906178038696765,0.9670755406781342,1.0,0.9468103504199764,0.9596684620486545,0.9468103504199764,95.97972972972973,132.60135135135135
oracle_hybrid_verify_F1000_L25,gold_size_bin,51-100,32,0.050239853891769805,0.19902642587635758,0.9520006768718109,0.9520006768718109,0.9860358271877545,0.9759892914636563,0.9579528240635911,1.0,0.9520006768718109,0.9586284742534743,0.9520006768718109,93.09375,93.09375
oracle_hybrid_verify_F1000_L250,overall,all,700,0.6829010898367068,0.7796155175767525,0.9309334785809774,0.9875444979991372,0.9971428571428571,0.9962996362327653,0.9895900851530842,0.9971428571428571,0.9846044511939344,0.9880648721713826,0.9846044511939344,27.68857142857143,35.43142857142857
oracle_hybrid_verify_F1000_L250,template,_,100,0.99,0.99,0.99,0.99,0.99,0.99,0.99,0.99,0.99,0.99,0.99,1.98,1.98
oracle_hybrid_verify_F1000_L250,template,_ or _,100,1.0,1.0,1.0,1.0,1.0,1.0,1.0,1.0,1.0,1.0,1.0,3.95,3.95
oracle_hybrid_verify_F1000_L250,template,_ or _ or _,100,0.8733333333333332,0.9983333333333333,0.9983333333333333,0.9983333333333333,1.0,0.9989221084547549,0.9989221084547549,1.0,0.9983333333333333,0.999090909090909,0.9983333333333333,5.74,5.74
oracle_hybrid_verify_F1000_L250,template,_ that are also _,100,0.2300283319159232,0.32011332766369277,0.7981753459189257,1.0,1.0,1.0,1.0,1.0,1.0,1.0,1.0,79.97,109.46
oracle_hybrid_verify_F1000_L250,template,_ that are also _ but not _,100,0.04005075505807087,0.1588619620402412,0.7400256708145833,0.934478152660627,1.0,0.9951753451746029,0.9482084876168344,1.0,0.9138978250242066,0.9373631961087696,0.9138978250242066,93.0,117.71
oracle_hybrid_verify_F1000_L250,template,_ that are also both _ and _,100,0.6568952085496204,1.0,1.0,1.0,1.0,1.0,1.0,1.0,1.0,1.0,1.0,8.19,8.19
oracle_hybrid_verify_F1000_L250,template,_ that are not _,100,0.99,0.99,0.99,0.99,0.99,0.99,0.99,0.99,0.99,0.99,0.99,0.99,0.99
oracle_hybrid_verify_F1000_L250,gold_size_bin,01-02,223,0.9910313901345291,0.9910313901345291,0.9910313901345291,0.9910313901345291,0.9910313901345291,0.9910313901345291,0.9910313901345291,0.9910313901345291,0.9910313901345291,0.9910313901345291,0.9910313901345291,1.4439461883408071,1.4439461883408071
oracle_hybrid_verify_F1000_L250,gold_size_bin,03-05,138,1.0,1.0,1.0,1.0,1.0,1.0,1.0,1.0,1.0,1.0,1.0,4.173913043478261,4.173913043478261
oracle_hybrid_verify_F1000_L250,gold_size_bin,06-20,159,0.7045462527565746,0.9989517819706499,0.9989517819706499,0.9989517819706499,1.0,0.999322080789154,0.999322080789154,1.0,0.9989517819706499,0.9994282447112636,0.9989517819706499,7.591194968553459,7.591194968553459
oracle_hybrid_verify_F1000_L250,gold_size_bin,101-200,148,0.03627909147169748,0.14483716106213057,0.6970424757249202,0.9647972972972975,1.0,0.9988685547428684,0.9724832116996485,1.0,0.950891670515932,0.964947537098583,0.950891670515932,96.47972972972973,133.10135135135135
oracle_hybrid_verify_F1000_L250,gold_size_bin,51-100,32,0.05120634873713063,0.20192591041244004,0.958056727064459,0.958056727064459,1.0,0.9901558879848674,0.9654166696917343,1.0,0.958056727064459,0.9663776287589578,0.958056727064459,93.6875,93.6875
oracle_hybrid_verify_F1000_L50,overall,all,700,0.6810652288841635,0.7773914094449593,0.9281014807267837,0.9845399622141892,0.9946483055088925,0.9925556946159311,0.9866004316438037,0.9957142857142857,0.9817724533397404,0.9850868200944137,0.9817724533397404,27.564285714285713,35.30714285714286
oracle_hybrid_verify_F1000_L50,template,_,100,0.99,0.99,0.99,0.99,0.99,0.99,0.99,0.99,0.99,0.99,0.99,1.98,1.98
oracle_hybrid_verify_F1000_L50,template,_ or _,100,0.9975,0.9975,0.9975,0.9975,0.9983187246372889,0.9983187246372889,0.9983187246372889,1.0,0.9975,0.9985714285714287,0.9975,3.94,3.94
oracle_hybrid_verify_F1000_L50,template,_ or _ or _,100,0.8733333333333332,0.9983333333333333,0.9983333333333333,0.9983333333333333,1.0,0.9989221084547549,0.9989221084547549,1.0,0.9983333333333333,0.999090909090909,0.9983333333333333,5.74,5.74
oracle_hybrid_verify_F1000_L50,template,_ that are also _,100,0.2300283319159232,0.32011332766369277,0.7981753459189257,1.0,1.0,1.0,1.0,1.0,1.0,1.0,1.0,79.97,109.46
oracle_hybrid_verify_F1000_L50,template,_ that are also _ but not _,100,0.03969972839026819,0.1557932051176886,0.7327016858352263,0.9259464021659899,0.9942194139249579,0.9806490292194732,0.9389621884145828,1.0,0.9065738400448496,0.9279454029985588,0.9065738400448496,92.15,116.86
oracle_hybrid_verify_F1000_L50,template,_ that are also both _ and _,100,0.6568952085496204,1.0,1.0,1.0,1.0,1.0,1.0,1.0,1.0,1.0,1.0,8.19,8.19
oracle_hybrid_verify_F1000_L50,template,_ that are not _,100,0.98,0.98,0.98,0.98,0.98,0.98,0.98,0.98,0.98,0.98,0.98,0.98,0.98
oracle_hybrid_verify_F1000_L50,gold_size_bin,01-02,223,0.9865470852017937,0.9865470852017937,0.9865470852017937,0.9865470852017937,0.9865470852017937,0.9865470852017937,0.9865470852017937,0.9865470852017937,0.9865470852017937,0.9865470852017937,0.9865470852017937,1.4394618834080717,1.4394618834080717
oracle_hybrid_verify_F1000_L50,gold_size_bin,03-05,138,0.9981884057971014,0.9981884057971014,0.9981884057971014,0.9981884057971014,0.9987816845197744,0.9987816845197744,0.9987816845197744,1.0,0.9981884057971014,0.9989648033126294,0.9981884057971014,4.166666666666667,4.166666666666667
oracle_hybrid_verify_F1000_L50,gold_size_bin,06-20,159,0.7045462527565746,0.9989517819706499,0.9989517819706499,0.9989517819706499,1.0,0.999322080789154,0.999322080789154,1.0,0.9989517819706499,0.9994282447112636,0.9989517819706499,7.591194968553459,7.591194968553459
oracle_hybrid_verify_F1000_L50,gold_size_bin,101-200,148,0.03611156857690186,0.14325127765806536,0.6932639389109202,0.9602027027027028,0.9969807193919469,0.9912233260805099,0.9675425748369901,1.0,0.9471131337019324,0.9599974678605179,0.9471131337019324,96.02027027027027,132.6418918918919
oracle_hybrid_verify_F1000_L50,gold_size_bin,51-100,32,0.05088418378867702,0.1996707557732648,0.9526450067687181,0.9526450067687181,0.9958998413277393,0.9801203331884957,0.9593724301744924,1.0,0.9526450067687181,0.9598410955156005,0.9526450067687181,93.15625,93.15625
oracle_hybrid_verify_F1000_L500,overall,all,700,0.6829010898367068,0.7798070973184729,0.9319030875112577,0.9886656818553726,0.9971428571428571,0.9969888726363935,0.9906018999152483,0.9971428571428571,0.9855740601242146,0.9891190776951218,0.9855740601242146,27.8,35.542857142857144
oracle_hybrid_verify_F1000_L500,template,_,100,0.99,0.99,0.99,0.99,0.99,0.99,0.99,0.99,0.99,0.99,0.99,1.98,1.98
oracle_hybrid_verify_F1000_L500,template,_ or _,100,1.0,1.0,1.0,1.0,1.0,1.0,1.0,1.0,1.0,1.0,1.0,3.95,3.95
oracle_hybrid_verify_F1000_L500,template,_ or _ or _,100,0.8733333333333332,0.9983333333333333,0.9983333333333333,0.9983333333333333,1.0,0.9989221084547549,0.9989221084547549,1.0,0.9983333333333333,0.999090909090909,0.9983333333333333,5.74,5.74
oracle_hybrid_verify_F1000_L500,template,_ that are also _,100,0.2300283319159232,0.32011332766369277,0.7981753459189257,1.0,1.0,1.0,1.0,1.0,1.0,1.0,1.0,79.97,109.46
oracle_hybrid_verify_F1000_L500,template,_ that are also _ but not _,100,0.04005075505807087,0.16020302023228347,0.7468129333265453,0.9423264396542745,1.0,1.0,0.9552911909519831,1.0,0.9206850875361688,0.9447426347749431,0.9206850875361688,93.78,118.49
oracle_hybrid_verify_F1000_L500,template,_ that are also both _ and _,100,0.6568952085496204,1.0,1.0,1.0,1.0,1.0,1.0,1.0,1.0,1.0,1.0,8.19,8.19
oracle_hybrid_verify_F1000_L500,template,_ that are not _,100,0.99,0.99,0.99,0.99,0.99,0.99,0.99,0.99,0.99,0.99,0.99,0.99,0.99
oracle_hybrid_verify_F1000_L500,gold_size_bin,01-02,223,0.9910313901345291,0.9910313901345291,0.9910313901345291,0.9910313901345291,0.9910313901345291,0.9910313901345291,0.9910313901345291,0.9910313901345291,0.9910313901345291,0.9910313901345291,0.9910313901345291,1.4439461883408071,1.4439461883408071
oracle_hybrid_verify_F1000_L500,gold_size_bin,03-05,138,1.0,1.0,1.0,1.0,1.0,1.0,1.0,1.0,1.0,1.0,1.0,4.173913043478261,4.173913043478261
oracle_hybrid_verify_F1000_L500,gold_size_bin,06-20,159,0.7045462527565746,0.9989517819706499,0.9989517819706499,0.9989517819706499,1.0,0.999322080789154,0.999322080789154,1.0,0.9989517819706499,0.9994282447112636,0.9989517819706499,7.591194968553459,7.591194968553459
oracle_hybrid_verify_F1000_L500,gold_size_bin,101-200,148,0.03627909147169748,0.14511636588678992,0.7001769186427002,0.9686486486486485,1.0,1.0,0.9758149217823797,1.0,0.9540261134337121,0.9682215903608827,0.9540261134337121,96.86486486486487,133.48648648648648
oracle_hybrid_verify_F1000_L500,gold_size_bin,51-100,32,0.05120634873713063,0.20482539494852253,0.9647701239196085,0.9647701239196085,1.0,1.0,0.9721409584814414,1.0,0.9647701239196085,0.9742958782526143,0.9647701239196085,94.34375,94.34375
oracle_union_verify_L10,overall,all,700,0.557323882434822,0.5720857871967268,0.5720857871967268,0.5725449577314571,0.6372214801729175,0.6016151792658818,0.5861488974817228,0.7357142857142858,0.5720857871967268,0.5821091200766019,0.5720857871967268,1.9428571428571428,1.9428571428571428
oracle_union_verify_L10,template,_,100,0.925,0.925,0.925,0.925,0.9306573596382729,0.9306573596382729,0.9306573596382729,0.95,0.925,0.9333333333333332,0.925,1.85,1.85
oracle_union_verify_L10,template,_ or _,100,0.9475,0.9475,0.9475,0.9475,0.9620170946476239,0.9620170946476239,0.9620170946476239,1.0,0.9475,0.9654285714285714,0.9475,3.74,3.74
oracle_union_verify_L10,template,_ or _ or _,100,0.8416666666666666,0.945,0.945,0.945,0.9760858206011713,0.9628498829319884,0.9628498829319884,1.0,0.945,0.9670151515151515,0.945,5.43,5.43
oracle_union_verify_L10,template,_ that are also _,100,0.20444265414389778,0.20444265414389778,0.20444265414389778,0.2061188418046385,0.3817724916515474,0.2761261831931759,0.22566007256831339,0.62,0.20444265414389778,0.20877869940310276,0.20444265414389778,0.81,0.81
oracle_union_verify_L10,template,_ that are also _ but not _,100,0.005370157820490777,0.005370157820490777,0.005370157820490777,0.006908163902861989,0.2080171848314823,0.08711744101613819,0.029319579151887955,0.5,0.005370157820490777,0.010601599837804532,0.005370157820490777,0.69,0.69
oracle_union_verify_L10,template,_ that are also both _ and _,100,0.027287698412698413,0.027287698412698413,0.027287698412698413,0.027287698412698413,0.05200040984032534,0.04253829343397349,0.04253829343397349,0.13,0.027287698412698413,0.039606485018249725,0.027287698412698413,0.13,0.13
oracle_union_verify_L10,template,_ that are not _,100,0.95,0.95,0.95,0.95,0.95,0.95,0.95,0.95,0.95,0.95,0.95,0.95,0.95
oracle_union_verify_L10,gold_size_bin,01-02,223,0.9349775784753364,0.9349775784753364,0.9349775784753364,0.9349775784753364,0.937514511048553,0.937514511048553,0.937514511048553,0.9461883408071748,0.9349775784753364,0.9387144992526157,0.9349775784753364,1.3497757847533631,1.3497757847533631
oracle_union_verify_L10,gold_size_bin,03-05,138,0.8556763285024154,0.8556763285024154,0.8556763285024154,0.8556763285024154,0.8695659386296599,0.8695659386296599,0.8695659386296599,0.9057971014492754,0.8556763285024154,0.872895100069013,0.8556763285024154,3.5434782608695654,3.5434782608695654
oracle_union_verify_L10,gold_size_bin,06-20,159,0.3934723470100828,0.45846186482978935,0.45846186482978935,0.45846186482978935,0.49063039608816955,0.4763548903802862,0.4763548903802862,0.5471698113207547,0.45846186482978935,0.47638677350109093,0.45846186482978935,2.7672955974842766,2.7672955974842766
oracle_union_verify_L10,gold_size_bin,101-200,148,0.0055309501735729925,0.0055309501735729925,0.0055309501735729925,0.007702702702702704,0.2283969746284006,0.0956524817003616,0.0321615037845949,0.527027027027027,0.0055309501735729925,0.01092352781240169,0.0055309501735729925,0.7702702702702703,0.7702702702702703
oracle_union_verify_L10,gold_size_bin,51-100,32,0.005084392835939186,0.005084392835939186,0.005084392835939186,0.005084392835939186,0.16175673135311502,0.06774359778993404,0.023064456621877817,0.4375,0.005084392835939186,0.010042118995477453,0.005084392835939186,0.5,0.5
oracle_union_verify_L100,overall,all,700,0.5882521269898773,0.6086268744392873,0.6086268744392873,0.6134141792237954,0.8686079251045226,0.7461457713549553,0.6552560216037192,0.9342857142857143,0.6086268744392873,0.6360875679904208,0.6086268744392873,3.847142857142857,3.847142857142857
oracle_union_verify_L100,template,_,100,0.945,0.945,0.945,0.945,0.9506573596382729,0.9506573596382729,0.9506573596382729,0.97,0.945,0.9533333333333333,0.945,1.89,1.89
oracle_union_verify_L100,template,_ or _,100,0.9625,0.9625,0.9625,0.9625,0.9729166214856388,0.9729166214856388,0.9729166214856388,1.0,0.9625,0.9754285714285714,0.9625,3.8,3.8
oracle_union_verify_L100,template,_ or _ or _,100,0.8609999999999997,0.966,0.966,0.966,0.9908156445741361,0.9775101787046685,0.9775101787046685,1.0,0.966,0.9805050505050505,0.966,5.55,5.55
oracle_union_verify_L100,template,_ that are also _,100,0.22875971096157266,0.2470443843724235,0.2470443843724235,0.2643156417370685,0.9775970121306746,0.6417730761415754,0.34876351352274393,1.0,0.2470443843724235,0.2883083484736176,0.2470443843724235,6.62,6.62
oracle_union_verify_L100,template,_ that are also _ but not _,100,0.03738342063992912,0.05672197937494863,0.05672197937494863,0.07296185550185919,0.9564055863848158,0.5178401022697087,0.17462141662988614,1.0,0.05672197937494863,0.1066054377601381,0.05672197937494863,7.27,7.27
oracle_union_verify_L100,template,_ that are also both _ and _,100,0.11312175732763968,0.11312175732763968,0.11312175732763968,0.11312175732763968,0.26186325151811973,0.19232306124482346,0.19232306124482346,0.6,0.11312175732763968,0.17843223443223444,0.11312175732763968,0.83,0.83
oracle_union_verify_L100,template,_ that are not _,100,0.97,0.97,0.97,0.97,0.97,0.97,0.97,0.97,0.97,0.97,0.97,0.97,0.97
oracle_union_verify_L100,gold_size_bin,01-02,223,0.9551569506726457,0.9551569506726457,0.9551569506726457,0.9551569506726457,0.9582012697605056,0.9582012697605056,0.9582012697605056,0.968609865470852,0.9551569506726457,0.9596412556053812,0.9551569506726457,1.3811659192825112,1.3811659192825112
oracle_union_verify_L100,gold_size_bin,03-05,138,0.8741545893719807,0.8741545893719807,0.8741545893719807,0.8741545893719807,0.8857106592378817,0.8857106592378817,0.8857106592378817,0.9202898550724637,0.8741545893719807,0.8880722337244077,0.8741545893719807,3.6231884057971016,3.6231884057971016
oracle_union_verify_L100,gold_size_bin,06-20,159,0.4498669333297524,0.515904669178809,0.515904669178809,0.515904669178809,0.6208700225798511,0.5687658363265405,0.5687658363265405,0.8238993710691824,0.515904669178809,0.5611066082764197,0.515904669178809,3.2452830188679247,3.2452830188679247
oracle_union_verify_L100,gold_size_bin,101-200,148,0.0350879337255628,0.058303288181381356,0.058303288181381356,0.08094594594594595,0.9765828763409816,0.5562338011599648,0.18702406025559706,1.0,0.058303288181381356,0.1094691389009155,0.058303288181381356,8.094594594594595,8.094594594594595
oracle_union_verify_L100,gold_size_bin,51-100,32,0.04441559277396519,0.054617178871649255,0.054617178871649255,0.054617178871649255,0.9020623172838673,0.426209852170425,0.1455916280448328,1.0,0.054617178871649255,0.1028108145637524,0.054617178871649255,5.34375,5.34375
oracle_union_verify_L1000,overall,all,700,0.655725285482331,0.7097056068388311,0.7843576426954942,0.8209966499114104,0.9713047356358135,0.9457665310351906,0.8652072118684649,0.9985714285714286,0.7843576426954942,0.8484383383850809,0.7843576426954942,17.502857142857142,17.502857142857142
oracle_union_verify_L1000,template,_,100,0.99,0.99,0.99,0.99,0.99,0.99,0.99,0.99,0.99,0.99,0.99,1.98,1.98
oracle_union_verify_L1000,template,_ or _,100,1.0,1.0,1.0,1.0,1.0,1.0,1.0,1.0,1.0,1.0,1.0,3.95,3.95
oracle_union_verify_L1000,template,_ or _ or _,100,0.8733333333333332,0.9983333333333333,0.9983333333333333,0.9983333333333333,1.0,0.9989221084547549,0.9989221084547549,1.0,0.9983333333333333,0.999090909090909,0.9983333333333333,5.74,5.74
oracle_union_verify_L1000,template,_ that are also _,100,0.2300283319159232,0.32011332766369277,0.5576723834112416,0.6874312205664832,1.0,1.0,0.762756029937603,1.0,0.5576723834112416,0.6917947138021457,0.5576723834112416,48.84,48.84
oracle_union_verify_L1000,template,_ that are also _ but not _,100,0.04005075505807087,0.16020302023228347,0.44520821548137796,0.5719224288375492,1.0,1.0,0.6733287358953164,1.0,0.44520821548137796,0.6135559167492121,0.44520821548137796,56.96,56.96
oracle_union_verify_L1000,template,_ that are also both _ and _,100,0.4566645780689898,0.49928956664250784,0.49928956664250784,0.49928956664250784,0.8091331494506945,0.6314436087915797,0.6314436087915797,1.0,0.49928956664250784,0.6446268290532996,0.49928956664250784,4.05,4.05
oracle_union_verify_L1000,template,_ that are not _,100,1.0,1.0,1.0,1.0,1.0,1.0,1.0,1.0,1.0,1.0,1.0,1.0,1.0
oracle_union_verify_L1000,gold_size_bin,01-02,223,0.9910313901345291,0.9910313901345291,0.9910313901345291,0.9910313901345291,0.9920461631638159,0.9920461631638159,0.9920461631638159,0.9955156950672646,0.9910313901345291,0.9925261584454409,0.9910313901345291,1.4394618834080717,1.4394618834080717
oracle_union_verify_L1000,gold_size_bin,03-05,138,0.9442028985507245,0.9442028985507245,0.9442028985507245,0.9442028985507245,0.9569996099228228,0.9569996099228228,0.9569996099228228,1.0,0.9442028985507245,0.9588566827697262,0.9442028985507245,3.927536231884058,3.927536231884058
oracle_union_verify_L1000,gold_size_bin,06-20,159,0.6333320197498887,0.738756540865309,0.738756540865309,0.738756540865309,0.9221451219508738,0.8097127746525344,0.8097127746525344,1.0,0.738756540865309,0.8158252720683352,0.738756540865309,5.213836477987422,5.213836477987422
oracle_union_verify_L1000,gold_size_bin,101-200,148,0.03627909147169748,0.14511636588678992,0.4452884793841805,0.618581081081081,1.0,1.0,0.7113261889127828,1.0,0.4452884793841805,0.613133917154558,0.4452884793841805,61.858108108108105,61.858108108108105
oracle_union_verify_L1000,gold_size_bin,51-100,32,0.05120634873713063,0.20482539494852253,0.44954265438760105,0.44954265438760105,1.0,1.0,0.5728812695062531,1.0,0.44954265438760105,0.6184763536331639,0.44954265438760105,43.90625,43.90625
oracle_union_verify_L25,overall,all,700,0.5659332216022162,0.5809523380404412,0.5809523380404412,0.5821232997964189,0.711894193743704,0.6373856888206313,0.6036242523008183,0.8371428571428572,0.5809523380404412,0.594278867483193,0.5809523380404412,2.2585714285714285,2.2585714285714285
oracle_union_verify_L25,template,_,100,0.935,0.935,0.935,0.935,0.9429203034935821,0.9429203034935821,0.9429203034935821,0.97,0.935,0.9466666666666665,0.935,1.87,1.87
oracle_union_verify_L25,template,_ or _,100,0.95,0.95,0.95,0.95,0.963698370010335,0.963698370010335,0.963698370010335,1.0,0.95,0.9668571428571429,0.95,3.75,3.75
oracle_union_verify_L25,template,_ or _ or _,100,0.8499999999999998,0.955,0.955,0.955,0.982794707200092,0.9699135158618557,0.9699135158618557,1.0,0.955,0.9736212121212122,0.955,5.49,5.49
oracle_union_verify_L25,template,_ that are also _,100,0.21128045184813493,0.21134334492989595,0.21134334492989595,0.21563628405801602,0.5983931546599875,0.3673527112478549,0.25637381463321957,0.9,0.21134334492989595,0.22223347970281818,0.21134334492989595,1.76,1.76
oracle_union_verify_L25,template,_ that are also _ but not _,100,0.01357540106567949,0.013646323051495095,0.013646323051495095,0.01755011621521808,0.45027593143244937,0.18908117925346726,0.06373002022941165,0.81,0.013646323051495095,0.02671311776229416,0.013646323051495095,1.75,1.75
oracle_union_verify_L25,template,_ that are also both _ and _,100,0.041676698301698296,0.041676698301698296,0.041676698301698296,0.041676698301698296,0.08517688940948093,0.06873374187732388,0.06873374187732388,0.22,0.041676698301698296,0.06386045327221797,0.041676698301698296,0.23,0.23
oracle_union_verify_L25,template,_ that are not _,100,0.96,0.96,0.96,0.96,0.96,0.96,0.96,0.96,0.96,0.96,0.96,0.96,0.96
oracle_union_verify_L25,gold_size_bin,01-02,223,0.9439461883408071,0.9439461883408071,0.9439461883408071,0.9439461883408071,0.9474978939433104,0.9474978939433104,0.9474978939433104,0.9596412556053812,0.9439461883408071,0.9491778774289985,0.9439461883408071,1.3632286995515694,1.3632286995515694
oracle_union_verify_L25,gold_size_bin,03-05,138,0.8607487922705314,0.8607487922705314,0.8607487922705314,0.8607487922705314,0.8760707776987674,0.8760707776987674,0.8760707776987674,0.9202898550724637,0.8607487922705314,0.8792443064182195,0.8607487922705314,3.5652173913043477,3.5652173913043477
oracle_union_verify_L25,gold_size_bin,06-20,159,0.4049329339423678,0.4709706697914245,0.4709706697914245,0.4709706697914245,0.5111272285506975,0.49268424812906647,0.49268424812906647,0.5911949685534591,0.4709706697914245,0.4911834373543585,0.4709706697914245,2.8553459119496853,2.8553459119496853
oracle_union_verify_L25,gold_size_bin,101-200,148,0.014033413946338067,0.01412382953253848,0.01412382953253848,0.019662162162162163,0.4971103902905492,0.20887318411811573,0.07023001998587738,0.8581081081081081,0.01412382953253848,0.02766713075838349,0.01412382953253848,1.9662162162162162,1.9662162162162162
oracle_union_verify_L25,gold_size_bin,51-100,32,0.012770000853856513,0.012770000853856513,0.012770000853856513,0.012770000853856513,0.35295533894507586,0.14781743127034697,0.050510641511039504,0.75,0.012770000853856513,0.024997637320952545,0.012770000853856513,1.25,1.25
oracle_union_verify_L250,overall,all,700,0.6124374675579585,0.6511846234994734,0.6537025641332601,0.6648912576849428,0.9116897269441876,0.8633554782364914,0.7169717331155171,0.97,0.6537025641332601,0.6970890908229963,0.6537025641332601,6.651428571428571,6.651428571428571
oracle_union_verify_L250,template,_,100,0.955,0.955,0.955,0.955,0.9583944157829637,0.9583944157829637,0.9583944157829637,0.97,0.955,0.96,0.955,1.91,1.91
oracle_union_verify_L250,template,_ or _,100,0.9925,0.9925,0.9925,0.9925,0.9946855490246171,0.9946855490246171,0.9946855490246171,1.0,0.9925,0.9952380952380951,0.9925,3.92,3.92
oracle_union_verify_L250,template,_ or _ or _,100,0.8716666666666666,0.985,0.985,0.985,0.9986879492248767,0.9902062417066595,0.9902062417066595,1.0,0.985,0.9916363636363638,0.985,5.66,5.66
oracle_union_verify_L250,template,_ that are also _,100,0.2300283319159232,0.3018057574872153,0.3118349047455959,0.35175262746612895,1.0,0.9210356696063949,0.45768337847137786,1.0,0.3118349047455959,0.39442056751619203,0.3118349047455959,15.34,15.34
oracle_union_verify_L250,template,_ that are also _ but not _,100,0.04005075505807087,0.12617008774404997,0.1337665249221762,0.1721696570634224,1.0,0.8641659013418647,0.30283197663006156,1.0,0.1337665249221762,0.23431054702331344,0.1337665249221762,17.16,17.16
oracle_union_verify_L250,template,_ that are also both _ and _,100,0.20781651926504863,0.20781651926504863,0.20781651926504863,0.20781651926504863,0.4400601745768561,0.3250005701929397,0.3250005701929397,0.83,0.20781651926504863,0.31401806234700974,0.20781651926504863,1.58,1.58
oracle_union_verify_L250,template,_ that are not _,100,0.99,0.99,0.99,0.99,0.99,0.99,0.99,0.99,0.99,0.99,0.99,0.99,0.99
oracle_union_verify_L250,gold_size_bin,01-02,223,0.9708520179372198,0.9708520179372198,0.9708520179372198,0.9708520179372198,0.9733889505104364,0.9733889505104364,0.9733889505104364,0.9820627802690582,0.9708520179372198,0.9745889387144991,0.9708520179372198,1.4035874439461884,1.4035874439461884
oracle_union_verify_L250,gold_size_bin,03-05,138,0.9053140096618357,0.9053140096618357,0.9053140096618357,0.9053140096618357,0.9139598144513162,0.9139598144513162,0.9139598144513162,0.9492753623188406,0.9053140096618357,0.9146652864044169,0.9053140096618357,3.753623188405797,3.753623188405797
oracle_union_verify_L250,gold_size_bin,06-20,159,0.5048112280492968,0.576090054045104,0.576090054045104,0.576090054045104,0.7232114371246694,0.6455124988214408,0.6455124988214408,0.9371069182389937,0.576090054045104,0.6385667249371321,0.576090054045104,3.742138364779874,3.742138364779874
oracle_union_verify_L250,gold_size_bin,101-200,148,0.03627909147169748,0.12396828717789196,0.13525617914744636,0.18817567567567567,1.0,0.9034612895636369,0.3208424337552143,1.0,0.13525617914744636,0.2365560063550041,0.13525617914744636,18.81756756756757,18.81756756756757
oracle_union_verify_L250,gold_size_bin,51-100,32,0.05120634873713063,0.13907118814995376,0.14194463915484806,0.14194463915484806,1.0,0.7752464449814905,0.26771422857413174,1.0,0.14194463915484806,0.24571320354406093,0.14194463915484806,13.90625,13.90625
oracle_union_verify_L50,overall,all,700,0.577183109285223,0.5928745598749776,0.5928745598749776,0.5952686957677044,0.7982408231956843,0.6831877676855905,0.626423739006416,0.89,0.5928745598749776,0.6119265379881913,0.5928745598749776,2.807142857142857,2.807142857142857
oracle_union_verify_L50,template,_,100,0.94,0.94,0.94,0.94,0.9467888315659274,0.9467888315659274,0.9467888315659274,0.97,0.94,0.95,0.94,1.88,1.88
oracle_union_verify_L50,template,_ or _,100,0.955,0.955,0.955,0.955,0.9673315456230067,0.9673315456230067,0.9673315456230067,1.0,0.955,0.9701904761904763,0.955,3.77,3.77
oracle_union_verify_L50,template,_ or _ or _,100,0.8536666666666665,0.9586666666666668,0.9586666666666668,0.9586666666666668,0.9855674414736424,0.9725448252916625,0.9725448252916625,1.0,0.9586666666666668,0.97610101010101,0.9586666666666668,5.51,5.51
oracle_union_verify_L50,template,_ that are also _,100,0.22088743934881847,0.22358314030389778,0.22358314030389778,0.23246313959314716,0.8224012536630813,0.47958011927633765,0.29415614892492015,0.97,0.22358314030389778,0.24549740599730988,0.22358314030389778,3.44,3.44
oracle_union_verify_L50,template,_ that are also _ but not _,100,0.026016758770175653,0.028161211943379044,0.028161211943379044,0.03604016390321618,0.7299562542526974,0.3197756143940622,0.10785138399125954,0.92,0.028161211943379044,0.054347722779392926,0.028161211943379044,3.59,3.59
oracle_union_verify_L50,template,_ that are also both _ and _,100,0.07471090021090021,0.07471090021090021,0.07471090021090021,0.07471090021090021,0.16564043579143525,0.12629343764813666,0.12629343764813666,0.4,0.07471090021090021,0.11734915084915083,0.07471090021090021,0.49,0.49
oracle_union_verify_L50,template,_ that are not _,100,0.97,0.97,0.97,0.97,0.97,0.97,0.97,0.97,0.97,0.97,0.97,0.97,0.97
oracle_union_verify_L50,gold_size_bin,01-02,223,0.952914798206278,0.952914798206278,0.952914798206278,0.952914798206278,0.9564665038087812,0.9564665038087812,0.9564665038087812,0.968609865470852,0.952914798206278,0.9581464872944693,0.952914798206278,1.3766816143497758,1.3766816143497758
oracle_union_verify_L50,gold_size_bin,03-05,138,0.8658212560386473,0.8658212560386473,0.8658212560386473,0.8658212560386473,0.8797619799531867,0.8797619799531867,0.8797619799531867,0.9202898550724637,0.8658212560386473,0.8826662065792501,0.8658212560386473,3.5869565217391304,3.5869565217391304
oracle_union_verify_L50,gold_size_bin,06-20,159,0.4236127254995179,0.4896504613485746,0.4896504613485746,0.4896504613485746,0.5587021500786364,0.5257652857231154,0.5257652857231154,0.6981132075471698,0.4896504613485746,0.5213173618833996,0.4896504613485746,3.018867924528302,3.018867924528302
oracle_union_verify_L50,gold_size_bin,101-200,148,0.02574593743657833,0.02881151942629287,0.02881151942629287,0.040135135135135135,0.7755475384039556,0.34608524306068633,0.11636521767784548,0.9391891891891891,0.02881151942629287,0.05560036697189611,0.02881151942629287,4.013513513513513,4.013513513513513
oracle_union_verify_L50,gold_size_bin,51-100,32,0.027500658477681857,0.028447823426135468,0.028447823426135468,0.028447823426135468,0.6392098471185128,0.2723424185643254,0.09308440860302607,0.9375,0.028447823426135468,0.05486433018217659,0.028447823426135468,2.78125,2.78125
oracle_union_verify_L500,overall,all,700,0.6321524337309078,0.6803273814599593,0.7042272514239796,0.7245304324408675,0.9418394680570157,0.9171242147826018,0.7794773070069103,0.99,0.7042272514239796,0.7624799563114074,0.7042272514239796,10.567142857142857,10.567142857142857
oracle_union_verify_L500,template,_,100,0.975,0.975,0.975,0.975,0.9761314719276547,0.9761314719276547,0.9761314719276547,0.98,0.975,0.9766666666666666,0.975,1.95,1.95
oracle_union_verify_L500,template,_ or _,100,0.9975,0.9975,0.9975,0.9975,0.9983187246372889,0.9983187246372889,0.9983187246372889,1.0,0.9975,0.9985714285714287,0.9975,3.94,3.94
oracle_union_verify_L500,template,_ or _ or _,100,0.8716666666666666,0.9916666666666667,0.9916666666666667,0.9916666666666667,0.9986879492248767,0.99451780788764,0.99451780788764,1.0,0.9916666666666667,0.9952727272727272,0.9916666666666667,5.7,5.7
oracle_union_verify_L500,template,_ that are also _,100,0.2300283319159232,0.3186109575435523,0.3978700940635449,0.4690662644676781,1.0,0.9944808584225872,0.5752116173825829,1.0,0.3978700940635449,0.5143815869100282,0.3978700940635449,27.05,27.05
oracle_union_verify_L500,template,_ that are also _ but not _,100,0.04005075505807087,0.1592824157116891,0.24732236893983853,0.31824846565392106,1.0,0.9967221316891498,0.45246301829931407,1.0,0.24732236893983853,0.39409993246904795,0.24732236893983853,31.7,31.7
oracle_union_verify_L500,template,_ that are also both _ and _,100,0.3208212824756943,0.3302316302978068,0.3302316302978068,0.3302316302978068,0.6297381306092892,0.4696985089138918,0.4696985089138918,0.96,0.3302316302978068,0.46836735228995285,0.3302316302978068,2.64,2.64
oracle_union_verify_L500,template,_ that are not _,100,0.99,0.99,0.99,0.99,0.99,0.99,0.99,0.99,0.99,0.99,0.99,0.99,0.99
oracle_union_verify_L500,gold_size_bin,01-02,223,0.9798206278026906,0.9798206278026906,0.9798206278026906,0.9798206278026906,0.9813427873466205,0.9813427873466205,0.9813427873466205,0.9865470852017937,0.9798206278026906,0.9820627802690582,0.9798206278026906,1.4215246636771302,1.4215246636771302
oracle_union_verify_L500,gold_size_bin,03-05,138,0.9229468599033817,0.9229468599033817,0.9229468599033817,0.9229468599033817,0.9344757267889101,0.9344757267889101,0.9344757267889101,0.9782608695652174,0.9229468599033817,0.9357142857142857,0.9229468599033817,3.8333333333333335,3.8333333333333335
oracle_union_verify_L500,gold_size_bin,06-20,159,0.5637240770287384,0.6451142328917022,0.6451142328917022,0.6451142328917022,0.8269845016650625,0.7237079211413934,0.7237079211413934,0.9937106918238994,0.6451142328917022,0.7217562644748813,0.6451142328917022,4.377358490566038,4.377358490566038
oracle_union_verify_L500,gold_size_bin,101-200,148,0.03627909147169748,0.14461678115481086,0.24707954924444886,0.3431081081081081,1.0,0.9977858916916689,0.47585074084405166,1.0,0.24707954924444886,0.3932487738762096,0.24707954924444886,34.310810810810814,34.310810810810814
oracle_union_verify_L500,gold_size_bin,51-100,32,0.05120634873713063,0.19956417858162917,0.2484835316299974,0.2484835316299974,1.0,0.9827495950252096,0.38567356010218845,1.0,0.2484835316299974,0.3952291688821434,0.2484835316299974,24.28125,24.28125
